date,institution_id,meal,leftover_bucket,est_waste_kg,staff_notes
01-01-2024,UNIV_001,breakfast,medium,20.7,
01-01-2024,UNIV_001,lunch,medium,24.1,
01-01-2024,UNIV_001,dinner,medium,12.2,
01-01-2024,CORP_001,breakfast,medium,18.3,
01-01-2024,CORP_001,lunch,low,8,
01-01-2024,CORP_001,dinner,medium,21.2,
02-01-2024,UNIV_001,breakfast,high,38.9,
02-01-2024,UNIV_001,lunch,high,48.5,
02-01-2024,UNIV_001,dinner,medium,23.8,
02-01-2024,CORP_001,breakfast,high,59,
02-01-2024,CORP_001,lunch,low,3,
02-01-2024,CORP_001,dinner,low,7.3,
03-01-2024,UNIV_001,breakfast,high,26.5,
03-01-2024,UNIV_001,lunch,low,2.4,
03-01-2024,UNIV_001,dinner,medium,9.1,
03-01-2024,CORP_001,breakfast,medium,8.1,
03-01-2024,CORP_001,lunch,high,57.7,
03-01-2024,CORP_001,dinner,medium,21.1,
04-01-2024,UNIV_001,breakfast,medium,19.1,
04-01-2024,UNIV_001,lunch,medium,14,
04-01-2024,UNIV_001,dinner,medium,10.4,
04-01-2024,CORP_001,breakfast,medium,24.1,
04-01-2024,CORP_001,lunch,medium,18.3,
04-01-2024,CORP_001,dinner,high,54.8,
05-01-2024,UNIV_001,breakfast,low,2.1,
05-01-2024,UNIV_001,lunch,low,6.5,
05-01-2024,UNIV_001,dinner,high,28.7,
05-01-2024,CORP_001,breakfast,low,2.4,
05-01-2024,CORP_001,lunch,low,6.2,
05-01-2024,CORP_001,dinner,medium,20.1,
06-01-2024,UNIV_001,breakfast,medium,13.7,
06-01-2024,UNIV_001,lunch,high,37.4,
06-01-2024,UNIV_001,dinner,high,45.8,
06-01-2024,CORP_001,breakfast,high,58.3,
06-01-2024,CORP_001,lunch,medium,12.1,
06-01-2024,CORP_001,dinner,high,53.4,
07-01-2024,UNIV_001,breakfast,high,45.1,
07-01-2024,UNIV_001,lunch,high,43.8,
07-01-2024,UNIV_001,dinner,medium,16.2,
07-01-2024,CORP_001,breakfast,high,46.2,
07-01-2024,CORP_001,lunch,medium,21.1,
07-01-2024,CORP_001,dinner,high,31.8,
08-01-2024,UNIV_001,breakfast,high,28,
08-01-2024,UNIV_001,lunch,medium,18.6,
08-01-2024,UNIV_001,dinner,medium,17.3,
08-01-2024,CORP_001,breakfast,high,33.5,
08-01-2024,CORP_001,lunch,low,4.7,
08-01-2024,CORP_001,dinner,high,56.3,
09-01-2024,UNIV_001,breakfast,high,58.2,
09-01-2024,UNIV_001,lunch,low,6.6,
09-01-2024,UNIV_001,dinner,high,35.6,
09-01-2024,CORP_001,breakfast,medium,20.4,
09-01-2024,CORP_001,lunch,low,6,
09-01-2024,CORP_001,dinner,high,33.1,
10-01-2024,UNIV_001,breakfast,high,36.2,
10-01-2024,UNIV_001,lunch,low,7.4,
10-01-2024,UNIV_001,dinner,medium,13.6,
10-01-2024,CORP_001,breakfast,medium,17,
10-01-2024,CORP_001,lunch,low,2.1,
10-01-2024,CORP_001,dinner,high,38.5,
11-01-2024,UNIV_001,breakfast,medium,17.9,
11-01-2024,UNIV_001,lunch,medium,11.4,
11-01-2024,UNIV_001,dinner,medium,9.1,
11-01-2024,CORP_001,breakfast,high,56.9,
11-01-2024,CORP_001,lunch,low,6.6,
11-01-2024,CORP_001,dinner,medium,11.9,
12-01-2024,UNIV_001,breakfast,high,45.1,
12-01-2024,UNIV_001,lunch,medium,23.6,
12-01-2024,UNIV_001,dinner,medium,15.1,
12-01-2024,CORP_001,breakfast,medium,16,
12-01-2024,CORP_001,lunch,medium,10.8,
12-01-2024,CORP_001,dinner,high,42.8,
13-01-2024,UNIV_001,breakfast,medium,9.4,
13-01-2024,UNIV_001,lunch,medium,16.5,
13-01-2024,UNIV_001,dinner,high,39.3,
13-01-2024,CORP_001,breakfast,high,45.9,
13-01-2024,CORP_001,lunch,high,26.9,
13-01-2024,CORP_001,dinner,high,29.6,
14-01-2024,UNIV_001,breakfast,high,41,
14-01-2024,UNIV_001,lunch,high,49.6,
14-01-2024,UNIV_001,dinner,high,41.2,
14-01-2024,CORP_001,breakfast,medium,19.8,
14-01-2024,CORP_001,lunch,high,31.5,
14-01-2024,CORP_001,dinner,high,48.4,
15-01-2024,UNIV_001,breakfast,high,35.9,
15-01-2024,UNIV_001,lunch,low,2.4,
15-01-2024,UNIV_001,dinner,medium,21.7,
15-01-2024,CORP_001,breakfast,medium,19.1,
15-01-2024,CORP_001,lunch,medium,16.4,
15-01-2024,CORP_001,dinner,low,2.3,
16-01-2024,UNIV_001,breakfast,medium,15.8,
16-01-2024,UNIV_001,lunch,low,3.8,
16-01-2024,UNIV_001,dinner,medium,14.2,
16-01-2024,CORP_001,breakfast,medium,15.8,
16-01-2024,CORP_001,lunch,high,30.2,
16-01-2024,CORP_001,dinner,medium,22.8,
17-01-2024,UNIV_001,breakfast,medium,23.8,
17-01-2024,UNIV_001,lunch,medium,16.5,
17-01-2024,UNIV_001,dinner,low,3.3,
17-01-2024,CORP_001,breakfast,medium,18.9,
17-01-2024,CORP_001,lunch,low,6.8,
17-01-2024,CORP_001,dinner,high,38.7,
18-01-2024,UNIV_001,breakfast,medium,22.8,
18-01-2024,UNIV_001,lunch,medium,18.2,
18-01-2024,UNIV_001,dinner,medium,12.1,
18-01-2024,CORP_001,breakfast,high,40.4,
18-01-2024,CORP_001,lunch,medium,12.1,
18-01-2024,CORP_001,dinner,medium,19.1,
19-01-2024,UNIV_001,breakfast,medium,17.1,
19-01-2024,UNIV_001,lunch,medium,22.1,
19-01-2024,UNIV_001,dinner,medium,10,
19-01-2024,CORP_001,breakfast,high,52.8,
19-01-2024,CORP_001,lunch,high,33.5,
19-01-2024,CORP_001,dinner,medium,21.7,
20-01-2024,UNIV_001,breakfast,high,36.7,
20-01-2024,UNIV_001,lunch,medium,9.2,
20-01-2024,UNIV_001,dinner,high,55.3,
20-01-2024,CORP_001,breakfast,high,29,
20-01-2024,CORP_001,lunch,high,36.5,
20-01-2024,CORP_001,dinner,high,59.9,
21-01-2024,UNIV_001,breakfast,high,36.8,
21-01-2024,UNIV_001,lunch,high,56.7,
21-01-2024,UNIV_001,dinner,medium,11.7,
21-01-2024,CORP_001,breakfast,high,54.2,
21-01-2024,CORP_001,lunch,high,56.9,
21-01-2024,CORP_001,dinner,high,43.9,
22-01-2024,UNIV_001,breakfast,high,35.3,
22-01-2024,UNIV_001,lunch,medium,18.4,
22-01-2024,UNIV_001,dinner,medium,17.1,
22-01-2024,CORP_001,breakfast,medium,12.7,
22-01-2024,CORP_001,lunch,low,2,
22-01-2024,CORP_001,dinner,low,7.9,
23-01-2024,UNIV_001,breakfast,high,35,
23-01-2024,UNIV_001,lunch,low,6.6,
23-01-2024,UNIV_001,dinner,medium,21,
23-01-2024,CORP_001,breakfast,high,26.2,
23-01-2024,CORP_001,lunch,low,7.8,
23-01-2024,CORP_001,dinner,medium,22.8,
24-01-2024,UNIV_001,breakfast,medium,24.1,
24-01-2024,UNIV_001,lunch,low,4.1,
24-01-2024,UNIV_001,dinner,high,53.9,
24-01-2024,CORP_001,breakfast,medium,24.7,
24-01-2024,CORP_001,lunch,low,7.9,
24-01-2024,CORP_001,dinner,high,38.1,
25-01-2024,UNIV_001,breakfast,low,4.5,
25-01-2024,UNIV_001,lunch,low,5.3,
25-01-2024,UNIV_001,dinner,medium,17.6,
25-01-2024,CORP_001,breakfast,medium,18.6,
25-01-2024,CORP_001,lunch,medium,23.6,
25-01-2024,CORP_001,dinner,medium,12.6,
26-01-2024,UNIV_001,breakfast,low,4.6,
26-01-2024,UNIV_001,lunch,high,37.2,
26-01-2024,UNIV_001,dinner,high,39.9,
26-01-2024,CORP_001,breakfast,high,39.6,
26-01-2024,CORP_001,lunch,medium,18.3,
26-01-2024,CORP_001,dinner,high,58.2,
27-01-2024,UNIV_001,breakfast,high,53.3,
27-01-2024,UNIV_001,lunch,medium,23.8,
27-01-2024,UNIV_001,dinner,medium,9.2,
27-01-2024,CORP_001,breakfast,high,54.6,
27-01-2024,CORP_001,lunch,high,54.2,
27-01-2024,CORP_001,dinner,medium,11.3,
28-01-2024,UNIV_001,breakfast,medium,11.7,
28-01-2024,UNIV_001,lunch,low,2.9,
28-01-2024,UNIV_001,dinner,high,48.7,
28-01-2024,CORP_001,breakfast,high,44,
28-01-2024,CORP_001,lunch,high,29.5,
28-01-2024,CORP_001,dinner,high,29.1,
29-01-2024,UNIV_001,breakfast,medium,16.2,
29-01-2024,UNIV_001,lunch,low,2.7,
29-01-2024,UNIV_001,dinner,medium,18,
29-01-2024,CORP_001,breakfast,medium,22.4,
29-01-2024,CORP_001,lunch,medium,22.2,
29-01-2024,CORP_001,dinner,medium,21.3,
30-01-2024,UNIV_001,breakfast,high,45.8,
30-01-2024,UNIV_001,lunch,medium,14.9,
30-01-2024,UNIV_001,dinner,medium,15.4,
30-01-2024,CORP_001,breakfast,low,4.9,
30-01-2024,CORP_001,lunch,low,3.1,
30-01-2024,CORP_001,dinner,low,5.9,
31-01-2024,UNIV_001,breakfast,high,56.9,
31-01-2024,UNIV_001,lunch,high,52,
31-01-2024,UNIV_001,dinner,low,6.6,
31-01-2024,CORP_001,breakfast,high,42.4,
31-01-2024,CORP_001,lunch,low,5.5,
31-01-2024,CORP_001,dinner,medium,9.2,
01-02-2024,UNIV_001,breakfast,low,6.5,
01-02-2024,UNIV_001,lunch,high,52.2,
01-02-2024,UNIV_001,dinner,high,57.1,
01-02-2024,CORP_001,breakfast,medium,8.8,
01-02-2024,CORP_001,lunch,low,6.6,
01-02-2024,CORP_001,dinner,low,2.8,
02-02-2024,UNIV_001,breakfast,medium,18.4,
02-02-2024,UNIV_001,lunch,medium,14.2,
02-02-2024,UNIV_001,dinner,medium,8.2,
02-02-2024,CORP_001,breakfast,high,48.5,
02-02-2024,CORP_001,lunch,low,6.3,
02-02-2024,CORP_001,dinner,medium,15.7,
03-02-2024,UNIV_001,breakfast,high,43,
03-02-2024,UNIV_001,lunch,medium,16.3,
03-02-2024,UNIV_001,dinner,low,3.1,
03-02-2024,CORP_001,breakfast,high,36,
03-02-2024,CORP_001,lunch,high,49.6,
03-02-2024,CORP_001,dinner,low,2.9,
04-02-2024,UNIV_001,breakfast,high,47.1,
04-02-2024,UNIV_001,lunch,medium,13,
04-02-2024,UNIV_001,dinner,high,55.9,
04-02-2024,CORP_001,breakfast,high,26,
04-02-2024,CORP_001,lunch,high,58,
04-02-2024,CORP_001,dinner,high,46,
05-02-2024,UNIV_001,breakfast,medium,24.5,
05-02-2024,UNIV_001,lunch,medium,13.7,
05-02-2024,UNIV_001,dinner,low,2.7,
05-02-2024,CORP_001,breakfast,medium,8.2,
05-02-2024,CORP_001,lunch,low,5.9,
05-02-2024,CORP_001,dinner,medium,10.4,
06-02-2024,UNIV_001,breakfast,medium,20.5,
06-02-2024,UNIV_001,lunch,low,3.9,
06-02-2024,UNIV_001,dinner,high,38.2,
06-02-2024,CORP_001,breakfast,low,4.4,
06-02-2024,CORP_001,lunch,medium,14.2,
06-02-2024,CORP_001,dinner,medium,12.6,
07-02-2024,UNIV_001,breakfast,medium,12.7,
07-02-2024,UNIV_001,lunch,low,3.9,
07-02-2024,UNIV_001,dinner,medium,22.4,
07-02-2024,CORP_001,breakfast,high,48.2,
07-02-2024,CORP_001,lunch,high,36.5,
07-02-2024,CORP_001,dinner,medium,20.9,
08-02-2024,UNIV_001,breakfast,high,56.5,
08-02-2024,UNIV_001,lunch,low,3.5,
08-02-2024,UNIV_001,dinner,low,6.5,
08-02-2024,CORP_001,breakfast,high,37,
08-02-2024,CORP_001,lunch,high,55.5,
08-02-2024,CORP_001,dinner,medium,24.7,
09-02-2024,UNIV_001,breakfast,high,40.7,
09-02-2024,UNIV_001,lunch,low,5.2,
09-02-2024,UNIV_001,dinner,medium,22.7,
09-02-2024,CORP_001,breakfast,high,59.4,
09-02-2024,CORP_001,lunch,low,3.1,
09-02-2024,CORP_001,dinner,high,51,
10-02-2024,UNIV_001,breakfast,high,56.9,
10-02-2024,UNIV_001,lunch,high,28,
10-02-2024,UNIV_001,dinner,medium,14.1,
10-02-2024,CORP_001,breakfast,high,29.8,
10-02-2024,CORP_001,lunch,medium,18.5,
10-02-2024,CORP_001,dinner,high,40.9,
11-02-2024,UNIV_001,breakfast,high,27,
11-02-2024,UNIV_001,lunch,low,6.5,
11-02-2024,UNIV_001,dinner,medium,11.7,
11-02-2024,CORP_001,breakfast,medium,18.5,
11-02-2024,CORP_001,lunch,high,37.9,
11-02-2024,CORP_001,dinner,high,56.2,
12-02-2024,UNIV_001,breakfast,low,3.7,
12-02-2024,UNIV_001,lunch,medium,16.1,
12-02-2024,UNIV_001,dinner,medium,8,
12-02-2024,CORP_001,breakfast,low,6.1,
12-02-2024,CORP_001,lunch,low,3.3,
12-02-2024,CORP_001,dinner,high,35.6,
13-02-2024,UNIV_001,breakfast,high,59.8,
13-02-2024,UNIV_001,lunch,medium,24.8,
13-02-2024,UNIV_001,dinner,medium,13.7,
13-02-2024,CORP_001,breakfast,high,55.7,
13-02-2024,CORP_001,lunch,low,8,
13-02-2024,CORP_001,dinner,high,32.9,
14-02-2024,UNIV_001,breakfast,medium,8.7,
14-02-2024,UNIV_001,lunch,medium,16.8,
14-02-2024,UNIV_001,dinner,high,40.6,
14-02-2024,CORP_001,breakfast,high,28.1,
14-02-2024,CORP_001,lunch,medium,22.8,
14-02-2024,CORP_001,dinner,medium,9.2,
15-02-2024,UNIV_001,breakfast,low,3.9,
15-02-2024,UNIV_001,lunch,high,47,
15-02-2024,UNIV_001,dinner,high,26.4,
15-02-2024,CORP_001,breakfast,high,39,
15-02-2024,CORP_001,lunch,medium,11,
15-02-2024,CORP_001,dinner,medium,21.8,
16-02-2024,UNIV_001,breakfast,medium,22.1,
16-02-2024,UNIV_001,lunch,low,6.3,
16-02-2024,UNIV_001,dinner,high,28.9,
16-02-2024,CORP_001,breakfast,medium,20.5,
16-02-2024,CORP_001,lunch,low,5.7,
16-02-2024,CORP_001,dinner,medium,24,
17-02-2024,UNIV_001,breakfast,medium,23.7,
17-02-2024,UNIV_001,lunch,medium,8.8,
17-02-2024,UNIV_001,dinner,high,50.1,
17-02-2024,CORP_001,breakfast,low,2.6,
17-02-2024,CORP_001,lunch,medium,21.9,
17-02-2024,CORP_001,dinner,high,34.5,
18-02-2024,UNIV_001,breakfast,high,35.1,
18-02-2024,UNIV_001,lunch,high,47,
18-02-2024,UNIV_001,dinner,high,58.1,
18-02-2024,CORP_001,breakfast,high,30.2,
18-02-2024,CORP_001,lunch,high,36.8,
18-02-2024,CORP_001,dinner,high,42.7,
19-02-2024,UNIV_001,breakfast,high,56.8,
19-02-2024,UNIV_001,lunch,low,4.2,
19-02-2024,UNIV_001,dinner,medium,23.6,
19-02-2024,CORP_001,breakfast,low,6.6,
19-02-2024,CORP_001,lunch,medium,19.4,
19-02-2024,CORP_001,dinner,medium,21,
20-02-2024,UNIV_001,breakfast,medium,22,
20-02-2024,UNIV_001,lunch,low,4.6,
20-02-2024,UNIV_001,dinner,high,44.3,
20-02-2024,CORP_001,breakfast,high,30.5,
20-02-2024,CORP_001,lunch,medium,22,
20-02-2024,CORP_001,dinner,low,3.8,
21-02-2024,UNIV_001,breakfast,low,7.7,
21-02-2024,UNIV_001,lunch,low,3.3,
21-02-2024,UNIV_001,dinner,medium,12.4,
21-02-2024,CORP_001,breakfast,medium,11.7,
21-02-2024,CORP_001,lunch,low,3.1,
21-02-2024,CORP_001,dinner,high,45.2,
22-02-2024,UNIV_001,breakfast,high,51.6,
22-02-2024,UNIV_001,lunch,low,6.5,
22-02-2024,UNIV_001,dinner,medium,17.5,
22-02-2024,CORP_001,breakfast,medium,24.3,
22-02-2024,CORP_001,lunch,medium,15.4,
22-02-2024,CORP_001,dinner,medium,18.2,
23-02-2024,UNIV_001,breakfast,high,46.4,
23-02-2024,UNIV_001,lunch,low,3.5,
23-02-2024,UNIV_001,dinner,low,2.1,
23-02-2024,CORP_001,breakfast,low,4.6,
23-02-2024,CORP_001,lunch,low,7.5,
23-02-2024,CORP_001,dinner,high,48.3,
24-02-2024,UNIV_001,breakfast,high,41.4,
24-02-2024,UNIV_001,lunch,high,27,
24-02-2024,UNIV_001,dinner,high,27,
24-02-2024,CORP_001,breakfast,high,29.7,
24-02-2024,CORP_001,lunch,high,43.7,
24-02-2024,CORP_001,dinner,high,27.6,
25-02-2024,UNIV_001,breakfast,low,2.9,
25-02-2024,UNIV_001,lunch,medium,15,
25-02-2024,UNIV_001,dinner,high,54.6,
25-02-2024,CORP_001,breakfast,high,50.8,
25-02-2024,CORP_001,lunch,high,47.7,
25-02-2024,CORP_001,dinner,high,46.5,
26-02-2024,UNIV_001,breakfast,low,2.1,
26-02-2024,UNIV_001,lunch,low,5.4,
26-02-2024,UNIV_001,dinner,medium,24.6,
26-02-2024,CORP_001,breakfast,medium,19.7,
26-02-2024,CORP_001,lunch,low,5.2,
26-02-2024,CORP_001,dinner,high,27.7,
27-02-2024,UNIV_001,breakfast,medium,18.6,
27-02-2024,UNIV_001,lunch,low,3.3,
27-02-2024,UNIV_001,dinner,high,31,
27-02-2024,CORP_001,breakfast,high,49.6,
27-02-2024,CORP_001,lunch,low,3.8,
27-02-2024,CORP_001,dinner,low,3.7,
28-02-2024,UNIV_001,breakfast,medium,13.1,
28-02-2024,UNIV_001,lunch,low,4.2,
28-02-2024,UNIV_001,dinner,high,51.5,
28-02-2024,CORP_001,breakfast,medium,8.4,
28-02-2024,CORP_001,lunch,medium,11.6,
28-02-2024,CORP_001,dinner,medium,10.9,
29-02-2024,UNIV_001,breakfast,medium,20,
29-02-2024,UNIV_001,lunch,low,2.7,
29-02-2024,UNIV_001,dinner,high,51.3,
29-02-2024,CORP_001,breakfast,high,58.4,
29-02-2024,CORP_001,lunch,low,2.8,
29-02-2024,CORP_001,dinner,medium,20.6,
01-03-2024,UNIV_001,breakfast,high,25.4,
01-03-2024,UNIV_001,lunch,low,4.4,
01-03-2024,UNIV_001,dinner,low,4.1,
01-03-2024,CORP_001,breakfast,high,30.7,
01-03-2024,CORP_001,lunch,medium,10.2,
01-03-2024,CORP_001,dinner,medium,14.1,
02-03-2024,UNIV_001,breakfast,high,38,
02-03-2024,UNIV_001,lunch,high,49.5,
02-03-2024,UNIV_001,dinner,medium,24.5,
02-03-2024,CORP_001,breakfast,high,45.7,
02-03-2024,CORP_001,lunch,high,45.8,
02-03-2024,CORP_001,dinner,medium,12.7,
03-03-2024,UNIV_001,breakfast,high,56.9,
03-03-2024,UNIV_001,lunch,medium,9.6,
03-03-2024,UNIV_001,dinner,high,31.6,
03-03-2024,CORP_001,breakfast,high,39.5,
03-03-2024,CORP_001,lunch,high,53.5,
03-03-2024,CORP_001,dinner,high,53,
04-03-2024,UNIV_001,breakfast,low,2.7,
04-03-2024,UNIV_001,lunch,low,7.2,
04-03-2024,UNIV_001,dinner,medium,11.9,
04-03-2024,CORP_001,breakfast,high,36,
04-03-2024,CORP_001,lunch,low,7.8,
04-03-2024,CORP_001,dinner,high,56.7,
05-03-2024,UNIV_001,breakfast,medium,12,
05-03-2024,UNIV_001,lunch,low,6,
05-03-2024,UNIV_001,dinner,low,5.2,
05-03-2024,CORP_001,breakfast,medium,13.1,
05-03-2024,CORP_001,lunch,medium,22.3,
05-03-2024,CORP_001,dinner,low,6.1,
06-03-2024,UNIV_001,breakfast,medium,20.5,
06-03-2024,UNIV_001,lunch,low,7.2,
06-03-2024,UNIV_001,dinner,medium,15.7,
06-03-2024,CORP_001,breakfast,medium,19.5,
06-03-2024,CORP_001,lunch,low,7,
06-03-2024,CORP_001,dinner,medium,11.6,
07-03-2024,UNIV_001,breakfast,medium,10.9,
07-03-2024,UNIV_001,lunch,low,5.4,
07-03-2024,UNIV_001,dinner,high,32.6,
07-03-2024,CORP_001,breakfast,medium,22.1,
07-03-2024,CORP_001,lunch,medium,18.7,
07-03-2024,CORP_001,dinner,high,50.6,
08-03-2024,UNIV_001,breakfast,low,5.2,
08-03-2024,UNIV_001,lunch,medium,23.9,
08-03-2024,UNIV_001,dinner,high,50.8,
08-03-2024,CORP_001,breakfast,low,4.2,
08-03-2024,CORP_001,lunch,low,5.3,
08-03-2024,CORP_001,dinner,medium,10.7,
09-03-2024,UNIV_001,breakfast,medium,17.5,
09-03-2024,UNIV_001,lunch,high,37.6,
09-03-2024,UNIV_001,dinner,high,53.2,
09-03-2024,CORP_001,breakfast,high,27.4,
09-03-2024,CORP_001,lunch,high,35.5,
09-03-2024,CORP_001,dinner,high,38.2,
10-03-2024,UNIV_001,breakfast,high,54.1,
10-03-2024,UNIV_001,lunch,medium,10.3,
10-03-2024,UNIV_001,dinner,high,48.1,
10-03-2024,CORP_001,breakfast,high,56.9,
10-03-2024,CORP_001,lunch,low,4.2,
10-03-2024,CORP_001,dinner,low,2.4,
11-03-2024,UNIV_001,breakfast,medium,13.4,
11-03-2024,UNIV_001,lunch,low,3.6,
11-03-2024,UNIV_001,dinner,low,6.3,
11-03-2024,CORP_001,breakfast,medium,20.6,
11-03-2024,CORP_001,lunch,medium,20.3,
11-03-2024,CORP_001,dinner,medium,12.4,
12-03-2024,UNIV_001,breakfast,low,7.4,
12-03-2024,UNIV_001,lunch,high,34.2,
12-03-2024,UNIV_001,dinner,high,37.8,
12-03-2024,CORP_001,breakfast,medium,10.9,
12-03-2024,CORP_001,lunch,low,4.9,
12-03-2024,CORP_001,dinner,low,7.2,
13-03-2024,UNIV_001,breakfast,low,2.7,
13-03-2024,UNIV_001,lunch,low,7.1,
13-03-2024,UNIV_001,dinner,medium,11,
13-03-2024,CORP_001,breakfast,low,7.2,
13-03-2024,CORP_001,lunch,low,6.9,
13-03-2024,CORP_001,dinner,medium,23.5,
14-03-2024,UNIV_001,breakfast,medium,17.2,
14-03-2024,UNIV_001,lunch,low,4.1,
14-03-2024,UNIV_001,dinner,medium,10.1,
14-03-2024,CORP_001,breakfast,high,31.1,
14-03-2024,CORP_001,lunch,low,2.7,
14-03-2024,CORP_001,dinner,medium,16.1,
15-03-2024,UNIV_001,breakfast,low,2.1,
15-03-2024,UNIV_001,lunch,high,40,
15-03-2024,UNIV_001,dinner,medium,23.8,
15-03-2024,CORP_001,breakfast,low,5.4,
15-03-2024,CORP_001,lunch,low,5.9,
15-03-2024,CORP_001,dinner,medium,18.4,
16-03-2024,UNIV_001,breakfast,high,59.3,
16-03-2024,UNIV_001,lunch,high,55.4,
16-03-2024,UNIV_001,dinner,high,54.3,
16-03-2024,CORP_001,breakfast,high,38.9,
16-03-2024,CORP_001,lunch,high,55.2,
16-03-2024,CORP_001,dinner,high,26.6,
17-03-2024,UNIV_001,breakfast,low,4.9,
17-03-2024,UNIV_001,lunch,high,31.6,
17-03-2024,UNIV_001,dinner,high,56.9,
17-03-2024,CORP_001,breakfast,high,28.7,
17-03-2024,CORP_001,lunch,medium,8.1,
17-03-2024,CORP_001,dinner,high,45.9,
18-03-2024,UNIV_001,breakfast,medium,11.7,
18-03-2024,UNIV_001,lunch,medium,24.1,
18-03-2024,UNIV_001,dinner,low,6,
18-03-2024,CORP_001,breakfast,high,25.3,
18-03-2024,CORP_001,lunch,high,37,
18-03-2024,CORP_001,dinner,low,6.6,
19-03-2024,UNIV_001,breakfast,high,37.6,
19-03-2024,UNIV_001,lunch,low,5.6,
19-03-2024,UNIV_001,dinner,medium,9.4,
19-03-2024,CORP_001,breakfast,high,53.7,
19-03-2024,CORP_001,lunch,medium,11.1,
19-03-2024,CORP_001,dinner,medium,19.1,
20-03-2024,UNIV_001,breakfast,high,38.3,
20-03-2024,UNIV_001,lunch,low,7.8,
20-03-2024,UNIV_001,dinner,medium,8.9,
20-03-2024,CORP_001,breakfast,high,51.3,
20-03-2024,CORP_001,lunch,medium,15.9,
20-03-2024,CORP_001,dinner,high,26.6,
21-03-2024,UNIV_001,breakfast,high,42.3,
21-03-2024,UNIV_001,lunch,low,5.1,
21-03-2024,UNIV_001,dinner,low,6.6,
21-03-2024,CORP_001,breakfast,medium,20,
21-03-2024,CORP_001,lunch,medium,16,
21-03-2024,CORP_001,dinner,medium,13.6,
22-03-2024,UNIV_001,breakfast,medium,8.5,
22-03-2024,UNIV_001,lunch,low,5.3,
22-03-2024,UNIV_001,dinner,medium,9.8,
22-03-2024,CORP_001,breakfast,low,5.4,
22-03-2024,CORP_001,lunch,low,2.1,
22-03-2024,CORP_001,dinner,low,4.2,
23-03-2024,UNIV_001,breakfast,high,59.2,
23-03-2024,UNIV_001,lunch,high,42.3,
23-03-2024,UNIV_001,dinner,high,40.7,
23-03-2024,CORP_001,breakfast,low,5.1,
23-03-2024,CORP_001,lunch,medium,14,
23-03-2024,CORP_001,dinner,high,44.5,
24-03-2024,UNIV_001,breakfast,high,39.7,
24-03-2024,UNIV_001,lunch,medium,12.5,
24-03-2024,UNIV_001,dinner,high,57.4,
24-03-2024,CORP_001,breakfast,high,40,
24-03-2024,CORP_001,lunch,high,28.6,
24-03-2024,CORP_001,dinner,low,3.9,
25-03-2024,UNIV_001,breakfast,low,3.4,
25-03-2024,UNIV_001,lunch,high,45.8,
25-03-2024,UNIV_001,dinner,high,52.8,
25-03-2024,CORP_001,breakfast,high,36.3,
25-03-2024,CORP_001,lunch,high,33.6,
25-03-2024,CORP_001,dinner,high,60,
26-03-2024,UNIV_001,breakfast,high,39.2,
26-03-2024,UNIV_001,lunch,low,4.9,
26-03-2024,UNIV_001,dinner,medium,21.2,
26-03-2024,CORP_001,breakfast,medium,9,
26-03-2024,CORP_001,lunch,low,2.2,
26-03-2024,CORP_001,dinner,medium,10.4,
27-03-2024,UNIV_001,breakfast,medium,19.1,
27-03-2024,UNIV_001,lunch,low,7.6,
27-03-2024,UNIV_001,dinner,medium,16,
27-03-2024,CORP_001,breakfast,medium,16,
27-03-2024,CORP_001,lunch,low,2.5,
27-03-2024,CORP_001,dinner,high,44.9,
28-03-2024,UNIV_001,breakfast,high,40.3,
28-03-2024,UNIV_001,lunch,medium,22.7,
28-03-2024,UNIV_001,dinner,high,55,
28-03-2024,CORP_001,breakfast,medium,9.2,
28-03-2024,CORP_001,lunch,low,2.5,
28-03-2024,CORP_001,dinner,high,47.9,
29-03-2024,UNIV_001,breakfast,medium,13.8,
29-03-2024,UNIV_001,lunch,low,3.5,
29-03-2024,UNIV_001,dinner,medium,20.4,
29-03-2024,CORP_001,breakfast,high,53.2,
29-03-2024,CORP_001,lunch,low,2.5,
29-03-2024,CORP_001,dinner,low,7.4,
30-03-2024,UNIV_001,breakfast,high,49.1,
30-03-2024,UNIV_001,lunch,high,28.1,
30-03-2024,UNIV_001,dinner,medium,9.8,
30-03-2024,CORP_001,breakfast,high,25,
30-03-2024,CORP_001,lunch,high,48.3,
30-03-2024,CORP_001,dinner,high,56.8,
31-03-2024,UNIV_001,breakfast,high,48.9,
31-03-2024,UNIV_001,lunch,medium,9.3,
31-03-2024,UNIV_001,dinner,medium,21.7,
31-03-2024,CORP_001,breakfast,high,48.9,
31-03-2024,CORP_001,lunch,medium,24.5,
31-03-2024,CORP_001,dinner,high,33.6,
01-04-2024,UNIV_001,breakfast,high,39.7,
01-04-2024,UNIV_001,lunch,low,5.6,
01-04-2024,UNIV_001,dinner,medium,15.4,
01-04-2024,CORP_001,breakfast,medium,15,
01-04-2024,CORP_001,lunch,low,4.7,
01-04-2024,CORP_001,dinner,high,25.2,
02-04-2024,UNIV_001,breakfast,high,41.6,
02-04-2024,UNIV_001,lunch,low,7.4,
02-04-2024,UNIV_001,dinner,high,26.3,
02-04-2024,CORP_001,breakfast,medium,21.6,
02-04-2024,CORP_001,lunch,high,39.7,
02-04-2024,CORP_001,dinner,medium,13,
03-04-2024,UNIV_001,breakfast,medium,21.6,
03-04-2024,UNIV_001,lunch,low,5.6,
03-04-2024,UNIV_001,dinner,high,30.7,
03-04-2024,CORP_001,breakfast,medium,20.3,
03-04-2024,CORP_001,lunch,medium,20.4,
03-04-2024,CORP_001,dinner,low,3,
04-04-2024,UNIV_001,breakfast,high,57.1,
04-04-2024,UNIV_001,lunch,low,3.3,
04-04-2024,UNIV_001,dinner,medium,15.8,
04-04-2024,CORP_001,breakfast,medium,20.2,
04-04-2024,CORP_001,lunch,medium,23.7,
04-04-2024,CORP_001,dinner,low,7.2,
05-04-2024,UNIV_001,breakfast,high,40.6,
05-04-2024,UNIV_001,lunch,medium,23.2,
05-04-2024,UNIV_001,dinner,medium,12.1,
05-04-2024,CORP_001,breakfast,medium,16.4,
05-04-2024,CORP_001,lunch,low,6.7,
05-04-2024,CORP_001,dinner,high,46.4,
06-04-2024,UNIV_001,breakfast,high,53.4,
06-04-2024,UNIV_001,lunch,low,6.3,
06-04-2024,UNIV_001,dinner,medium,19.1,
06-04-2024,CORP_001,breakfast,high,53.1,
06-04-2024,CORP_001,lunch,high,36.1,
06-04-2024,CORP_001,dinner,high,25.5,
07-04-2024,UNIV_001,breakfast,high,27.9,
07-04-2024,UNIV_001,lunch,medium,16.5,
07-04-2024,UNIV_001,dinner,high,38.1,
07-04-2024,CORP_001,breakfast,high,31.1,
07-04-2024,CORP_001,lunch,high,35.4,
07-04-2024,CORP_001,dinner,medium,24.5,
08-04-2024,UNIV_001,breakfast,medium,21.2,
08-04-2024,UNIV_001,lunch,low,6.3,
08-04-2024,UNIV_001,dinner,high,45,
08-04-2024,CORP_001,breakfast,medium,14.7,
08-04-2024,CORP_001,lunch,low,5.1,
08-04-2024,CORP_001,dinner,medium,10.6,
09-04-2024,UNIV_001,breakfast,medium,11.8,
09-04-2024,UNIV_001,lunch,medium,13.8,
09-04-2024,UNIV_001,dinner,high,41.8,
09-04-2024,CORP_001,breakfast,medium,22.9,
09-04-2024,CORP_001,lunch,low,4.6,
09-04-2024,CORP_001,dinner,low,3.1,
10-04-2024,UNIV_001,breakfast,medium,10,
10-04-2024,UNIV_001,lunch,low,3.7,
10-04-2024,UNIV_001,dinner,low,7,
10-04-2024,CORP_001,breakfast,medium,17.8,
10-04-2024,CORP_001,lunch,low,3.9,
10-04-2024,CORP_001,dinner,high,50.9,
11-04-2024,UNIV_001,breakfast,medium,12.3,
11-04-2024,UNIV_001,lunch,low,5.8,
11-04-2024,UNIV_001,dinner,high,29.1,
11-04-2024,CORP_001,breakfast,medium,11.1,
11-04-2024,CORP_001,lunch,low,5.8,
11-04-2024,CORP_001,dinner,high,34.7,
12-04-2024,UNIV_001,breakfast,high,28,
12-04-2024,UNIV_001,lunch,low,6.9,
12-04-2024,UNIV_001,dinner,high,49.3,
12-04-2024,CORP_001,breakfast,low,2.3,
12-04-2024,CORP_001,lunch,low,6.6,
12-04-2024,CORP_001,dinner,low,2.1,
13-04-2024,UNIV_001,breakfast,high,29.4,
13-04-2024,UNIV_001,lunch,high,57.7,
13-04-2024,UNIV_001,dinner,high,59.9,
13-04-2024,CORP_001,breakfast,high,39.6,
13-04-2024,CORP_001,lunch,high,54.4,
13-04-2024,CORP_001,dinner,high,38.6,
14-04-2024,UNIV_001,breakfast,medium,16.5,
14-04-2024,UNIV_001,lunch,medium,20.8,
14-04-2024,UNIV_001,dinner,medium,12.8,
14-04-2024,CORP_001,breakfast,high,37.1,
14-04-2024,CORP_001,lunch,high,47.7,
14-04-2024,CORP_001,dinner,high,43,
15-04-2024,UNIV_001,breakfast,high,40.2,
15-04-2024,UNIV_001,lunch,medium,16,
15-04-2024,UNIV_001,dinner,low,5.8,
15-04-2024,CORP_001,breakfast,medium,8.3,
15-04-2024,CORP_001,lunch,medium,15,
15-04-2024,CORP_001,dinner,high,30.5,
16-04-2024,UNIV_001,breakfast,high,38.8,
16-04-2024,UNIV_001,lunch,low,5.9,
16-04-2024,UNIV_001,dinner,low,4.6,
16-04-2024,CORP_001,breakfast,low,7.5,
16-04-2024,CORP_001,lunch,medium,15.4,
16-04-2024,CORP_001,dinner,high,52.3,
17-04-2024,UNIV_001,breakfast,high,41.3,
17-04-2024,UNIV_001,lunch,high,44,
17-04-2024,UNIV_001,dinner,low,7.5,
17-04-2024,CORP_001,breakfast,high,33.6,
17-04-2024,CORP_001,lunch,high,40.4,
17-04-2024,CORP_001,dinner,medium,11.6,
18-04-2024,UNIV_001,breakfast,medium,24,
18-04-2024,UNIV_001,lunch,low,5,
18-04-2024,UNIV_001,dinner,medium,23.1,
18-04-2024,CORP_001,breakfast,high,26.6,
18-04-2024,CORP_001,lunch,low,3.4,
18-04-2024,CORP_001,dinner,medium,9.3,
19-04-2024,UNIV_001,breakfast,high,45.2,
19-04-2024,UNIV_001,lunch,high,47.5,
19-04-2024,UNIV_001,dinner,low,5.1,
19-04-2024,CORP_001,breakfast,medium,8.4,
19-04-2024,CORP_001,lunch,low,5.7,
19-04-2024,CORP_001,dinner,medium,8.3,
20-04-2024,UNIV_001,breakfast,medium,20.3,
20-04-2024,UNIV_001,lunch,medium,18.3,
20-04-2024,UNIV_001,dinner,medium,23.4,
20-04-2024,CORP_001,breakfast,medium,24.6,
20-04-2024,CORP_001,lunch,medium,14.5,
20-04-2024,CORP_001,dinner,high,57.8,
21-04-2024,UNIV_001,breakfast,high,53.7,
21-04-2024,UNIV_001,lunch,high,25.8,
21-04-2024,UNIV_001,dinner,high,47.7,
21-04-2024,CORP_001,breakfast,high,46.1,
21-04-2024,CORP_001,lunch,high,40.1,
21-04-2024,CORP_001,dinner,high,38.8,
22-04-2024,UNIV_001,breakfast,high,47.7,
22-04-2024,UNIV_001,lunch,high,56.7,
22-04-2024,UNIV_001,dinner,high,51.2,
22-04-2024,CORP_001,breakfast,medium,22.8,
22-04-2024,CORP_001,lunch,high,28.8,
22-04-2024,CORP_001,dinner,medium,14.1,
23-04-2024,UNIV_001,breakfast,high,35.7,
23-04-2024,UNIV_001,lunch,medium,24.7,
23-04-2024,UNIV_001,dinner,medium,13.9,
23-04-2024,CORP_001,breakfast,medium,15.8,
23-04-2024,CORP_001,lunch,low,4.4,
23-04-2024,CORP_001,dinner,medium,19.1,
24-04-2024,UNIV_001,breakfast,medium,24,
24-04-2024,UNIV_001,lunch,medium,13.7,
24-04-2024,UNIV_001,dinner,high,32.7,
24-04-2024,CORP_001,breakfast,medium,22,
24-04-2024,CORP_001,lunch,high,38.7,
24-04-2024,CORP_001,dinner,medium,20.6,
25-04-2024,UNIV_001,breakfast,high,47.1,
25-04-2024,UNIV_001,lunch,medium,21.9,
25-04-2024,UNIV_001,dinner,high,51.4,
25-04-2024,CORP_001,breakfast,low,2.2,
25-04-2024,CORP_001,lunch,low,7.9,
25-04-2024,CORP_001,dinner,medium,13.7,
26-04-2024,UNIV_001,breakfast,high,51.9,
26-04-2024,UNIV_001,lunch,low,6.7,
26-04-2024,UNIV_001,dinner,medium,11.9,
26-04-2024,CORP_001,breakfast,medium,16.3,
26-04-2024,CORP_001,lunch,low,2.2,
26-04-2024,CORP_001,dinner,medium,17.9,
27-04-2024,UNIV_001,breakfast,medium,17.9,
27-04-2024,UNIV_001,lunch,high,32.2,
27-04-2024,UNIV_001,dinner,high,25,
27-04-2024,CORP_001,breakfast,high,30.4,
27-04-2024,CORP_001,lunch,high,57.9,
27-04-2024,CORP_001,dinner,medium,9.2,
28-04-2024,UNIV_001,breakfast,high,27.1,
28-04-2024,UNIV_001,lunch,high,57.8,
28-04-2024,UNIV_001,dinner,high,29.7,
28-04-2024,CORP_001,breakfast,high,44.3,
28-04-2024,CORP_001,lunch,medium,20.2,
28-04-2024,CORP_001,dinner,high,40.2,
29-04-2024,UNIV_001,breakfast,medium,16.8,
29-04-2024,UNIV_001,lunch,medium,11.6,
29-04-2024,UNIV_001,dinner,medium,24.7,
29-04-2024,CORP_001,breakfast,medium,22.4,
29-04-2024,CORP_001,lunch,medium,10.9,
29-04-2024,CORP_001,dinner,high,44.7,
30-04-2024,UNIV_001,breakfast,high,34.8,
30-04-2024,UNIV_001,lunch,medium,22.9,
30-04-2024,UNIV_001,dinner,high,56.6,
30-04-2024,CORP_001,breakfast,high,41.6,
30-04-2024,CORP_001,lunch,medium,21.4,
30-04-2024,CORP_001,dinner,medium,9.3,
01-05-2024,UNIV_001,breakfast,high,50,
01-05-2024,UNIV_001,lunch,medium,21.1,
01-05-2024,UNIV_001,dinner,high,33.7,
01-05-2024,CORP_001,breakfast,medium,23.4,
01-05-2024,CORP_001,lunch,low,2.5,
01-05-2024,CORP_001,dinner,low,4.3,
02-05-2024,UNIV_001,breakfast,high,53.9,
02-05-2024,UNIV_001,lunch,medium,13,
02-05-2024,UNIV_001,dinner,high,32.7,
02-05-2024,CORP_001,breakfast,high,30.9,
02-05-2024,CORP_001,lunch,low,7.2,
02-05-2024,CORP_001,dinner,medium,16,
03-05-2024,UNIV_001,breakfast,high,36.5,
03-05-2024,UNIV_001,lunch,high,52.9,
03-05-2024,UNIV_001,dinner,high,59.4,
03-05-2024,CORP_001,breakfast,low,5.8,
03-05-2024,CORP_001,lunch,medium,24.1,
03-05-2024,CORP_001,dinner,low,2.1,
04-05-2024,UNIV_001,breakfast,high,37.6,
04-05-2024,UNIV_001,lunch,high,40.6,
04-05-2024,UNIV_001,dinner,high,28.6,
04-05-2024,CORP_001,breakfast,medium,13,
04-05-2024,CORP_001,lunch,high,57.4,
04-05-2024,CORP_001,dinner,high,36.4,
05-05-2024,UNIV_001,breakfast,high,25.3,
05-05-2024,UNIV_001,lunch,high,53.2,
05-05-2024,UNIV_001,dinner,high,43.9,
05-05-2024,CORP_001,breakfast,high,52.9,
05-05-2024,CORP_001,lunch,high,41.6,
05-05-2024,CORP_001,dinner,high,30,
06-05-2024,UNIV_001,breakfast,high,49.1,
06-05-2024,UNIV_001,lunch,medium,10.6,
06-05-2024,UNIV_001,dinner,medium,12.2,
06-05-2024,CORP_001,breakfast,high,48,
06-05-2024,CORP_001,lunch,low,6.4,
06-05-2024,CORP_001,dinner,medium,24.5,
07-05-2024,UNIV_001,breakfast,medium,23.1,
07-05-2024,UNIV_001,lunch,medium,15,
07-05-2024,UNIV_001,dinner,medium,12.9,
07-05-2024,CORP_001,breakfast,medium,19.1,
07-05-2024,CORP_001,lunch,low,5.8,
07-05-2024,CORP_001,dinner,medium,9.8,
08-05-2024,UNIV_001,breakfast,high,29.5,
08-05-2024,UNIV_001,lunch,medium,19.5,
08-05-2024,UNIV_001,dinner,high,49.3,
08-05-2024,CORP_001,breakfast,medium,19.8,
08-05-2024,CORP_001,lunch,low,7.2,
08-05-2024,CORP_001,dinner,medium,20.4,
09-05-2024,UNIV_001,breakfast,high,35.4,
09-05-2024,UNIV_001,lunch,high,35.3,
09-05-2024,UNIV_001,dinner,low,5.8,
09-05-2024,CORP_001,breakfast,high,53.3,
09-05-2024,CORP_001,lunch,low,7.4,
09-05-2024,CORP_001,dinner,medium,21.3,
10-05-2024,UNIV_001,breakfast,high,57.8,
10-05-2024,UNIV_001,lunch,low,6.3,
10-05-2024,UNIV_001,dinner,medium,13.4,
10-05-2024,CORP_001,breakfast,low,5,
10-05-2024,CORP_001,lunch,medium,22.9,
10-05-2024,CORP_001,dinner,medium,10.2,
11-05-2024,UNIV_001,breakfast,medium,13.5,
11-05-2024,UNIV_001,lunch,medium,14.2,
11-05-2024,UNIV_001,dinner,high,54.7,
11-05-2024,CORP_001,breakfast,high,37.2,
11-05-2024,CORP_001,lunch,medium,11.7,
11-05-2024,CORP_001,dinner,medium,13.5,
12-05-2024,UNIV_001,breakfast,high,28.7,
12-05-2024,UNIV_001,lunch,high,39.2,
12-05-2024,UNIV_001,dinner,high,45.9,
12-05-2024,CORP_001,breakfast,high,34.7,
12-05-2024,CORP_001,lunch,high,53.7,
12-05-2024,CORP_001,dinner,high,52.9,
13-05-2024,UNIV_001,breakfast,medium,14.8,
13-05-2024,UNIV_001,lunch,low,6,
13-05-2024,UNIV_001,dinner,medium,22.4,
13-05-2024,CORP_001,breakfast,high,31.4,
13-05-2024,CORP_001,lunch,low,5.1,
13-05-2024,CORP_001,dinner,medium,15.3,
14-05-2024,UNIV_001,breakfast,high,52.7,
14-05-2024,UNIV_001,lunch,low,3.5,
14-05-2024,UNIV_001,dinner,medium,20.5,
14-05-2024,CORP_001,breakfast,medium,14.5,
14-05-2024,CORP_001,lunch,medium,8.1,
14-05-2024,CORP_001,dinner,medium,10.5,
15-05-2024,UNIV_001,breakfast,medium,21.4,
15-05-2024,UNIV_001,lunch,low,7.3,
15-05-2024,UNIV_001,dinner,medium,17.2,
15-05-2024,CORP_001,breakfast,medium,14.8,
15-05-2024,CORP_001,lunch,medium,18,
15-05-2024,CORP_001,dinner,low,4.2,
16-05-2024,UNIV_001,breakfast,medium,16.8,
16-05-2024,UNIV_001,lunch,medium,9.2,
16-05-2024,UNIV_001,dinner,high,30,
16-05-2024,CORP_001,breakfast,medium,14.8,
16-05-2024,CORP_001,lunch,low,6.4,
16-05-2024,CORP_001,dinner,high,52.6,
17-05-2024,UNIV_001,breakfast,high,28,
17-05-2024,UNIV_001,lunch,low,4.5,
17-05-2024,UNIV_001,dinner,medium,15.9,
17-05-2024,CORP_001,breakfast,medium,15.4,
17-05-2024,CORP_001,lunch,low,4.8,
17-05-2024,CORP_001,dinner,high,48,
18-05-2024,UNIV_001,breakfast,high,37.6,
18-05-2024,UNIV_001,lunch,low,3.3,
18-05-2024,UNIV_001,dinner,high,47.7,
18-05-2024,CORP_001,breakfast,high,37.6,
18-05-2024,CORP_001,lunch,medium,8.2,
18-05-2024,CORP_001,dinner,medium,18.7,
19-05-2024,UNIV_001,breakfast,high,31.8,
19-05-2024,UNIV_001,lunch,high,54.4,
19-05-2024,UNIV_001,dinner,high,38.8,
19-05-2024,CORP_001,breakfast,high,45.1,
19-05-2024,CORP_001,lunch,medium,24.6,
19-05-2024,CORP_001,dinner,high,40,
20-05-2024,UNIV_001,breakfast,high,41.8,
20-05-2024,UNIV_001,lunch,high,36.1,
20-05-2024,UNIV_001,dinner,high,57.8,
20-05-2024,CORP_001,breakfast,high,46.9,
20-05-2024,CORP_001,lunch,medium,20.6,
20-05-2024,CORP_001,dinner,high,35.6,
21-05-2024,UNIV_001,breakfast,high,39.6,
21-05-2024,UNIV_001,lunch,medium,9.3,
21-05-2024,UNIV_001,dinner,high,41,
21-05-2024,CORP_001,breakfast,medium,12.6,
21-05-2024,CORP_001,lunch,low,3.3,
21-05-2024,CORP_001,dinner,medium,18.8,
22-05-2024,UNIV_001,breakfast,high,50.6,
22-05-2024,UNIV_001,lunch,medium,16.4,
22-05-2024,UNIV_001,dinner,medium,18,
22-05-2024,CORP_001,breakfast,medium,18.9,
22-05-2024,CORP_001,lunch,low,5.9,
22-05-2024,CORP_001,dinner,low,3.3,
23-05-2024,UNIV_001,breakfast,high,27.8,
23-05-2024,UNIV_001,lunch,high,38,
23-05-2024,UNIV_001,dinner,high,50.2,
23-05-2024,CORP_001,breakfast,medium,19.2,
23-05-2024,CORP_001,lunch,low,7.8,
23-05-2024,CORP_001,dinner,low,4.9,
24-05-2024,UNIV_001,breakfast,high,40.6,
24-05-2024,UNIV_001,lunch,medium,12.3,
24-05-2024,UNIV_001,dinner,medium,24.6,
24-05-2024,CORP_001,breakfast,medium,20.7,
24-05-2024,CORP_001,lunch,low,3.2,
24-05-2024,CORP_001,dinner,medium,17.6,
25-05-2024,UNIV_001,breakfast,medium,11.2,
25-05-2024,UNIV_001,lunch,high,36.6,
25-05-2024,UNIV_001,dinner,high,45.3,
25-05-2024,CORP_001,breakfast,medium,24.1,
25-05-2024,CORP_001,lunch,high,54.5,
25-05-2024,CORP_001,dinner,high,25.1,
26-05-2024,UNIV_001,breakfast,medium,9.6,
26-05-2024,UNIV_001,lunch,high,39.9,
26-05-2024,UNIV_001,dinner,high,47.6,
26-05-2024,CORP_001,breakfast,medium,9.7,
26-05-2024,CORP_001,lunch,medium,19.6,
26-05-2024,CORP_001,dinner,high,39.4,
27-05-2024,UNIV_001,breakfast,medium,10.2,
27-05-2024,UNIV_001,lunch,high,39.6,
27-05-2024,UNIV_001,dinner,high,42.9,
27-05-2024,CORP_001,breakfast,high,53.7,
27-05-2024,CORP_001,lunch,low,5.1,
27-05-2024,CORP_001,dinner,high,30.6,
28-05-2024,UNIV_001,breakfast,high,45.3,
28-05-2024,UNIV_001,lunch,high,35,
28-05-2024,UNIV_001,dinner,medium,8.2,
28-05-2024,CORP_001,breakfast,high,25.5,
28-05-2024,CORP_001,lunch,low,7.8,
28-05-2024,CORP_001,dinner,medium,8.4,
29-05-2024,UNIV_001,breakfast,low,8,
29-05-2024,UNIV_001,lunch,medium,9.4,
29-05-2024,UNIV_001,dinner,high,44.1,
29-05-2024,CORP_001,breakfast,high,27.7,
29-05-2024,CORP_001,lunch,low,7.9,
29-05-2024,CORP_001,dinner,high,54.3,
30-05-2024,UNIV_001,breakfast,high,39.5,
30-05-2024,UNIV_001,lunch,high,42.9,
30-05-2024,UNIV_001,dinner,high,33.1,
30-05-2024,CORP_001,breakfast,medium,13.4,
30-05-2024,CORP_001,lunch,low,4.1,
30-05-2024,CORP_001,dinner,medium,22.5,
31-05-2024,UNIV_001,breakfast,high,27.5,
31-05-2024,UNIV_001,lunch,high,56.2,
31-05-2024,UNIV_001,dinner,medium,9.8,
31-05-2024,CORP_001,breakfast,high,27.3,
31-05-2024,CORP_001,lunch,low,6,
31-05-2024,CORP_001,dinner,low,5.9,
01-06-2024,UNIV_001,breakfast,high,45.2,
01-06-2024,UNIV_001,lunch,high,31.4,
01-06-2024,UNIV_001,dinner,medium,8.1,
01-06-2024,CORP_001,breakfast,high,53.6,
01-06-2024,CORP_001,lunch,medium,21.7,
01-06-2024,CORP_001,dinner,low,3.2,
02-06-2024,UNIV_001,breakfast,high,33.8,
02-06-2024,UNIV_001,lunch,high,43.4,
02-06-2024,UNIV_001,dinner,high,27.8,
02-06-2024,CORP_001,breakfast,high,45.5,
02-06-2024,CORP_001,lunch,high,34.8,
02-06-2024,CORP_001,dinner,high,47.5,
03-06-2024,UNIV_001,breakfast,high,40.1,
03-06-2024,UNIV_001,lunch,high,43.7,
03-06-2024,UNIV_001,dinner,high,57.6,
03-06-2024,CORP_001,breakfast,medium,9.1,
03-06-2024,CORP_001,lunch,high,37.8,
03-06-2024,CORP_001,dinner,low,4.2,
04-06-2024,UNIV_001,breakfast,medium,18,
04-06-2024,UNIV_001,lunch,high,55,
04-06-2024,UNIV_001,dinner,high,41.7,
04-06-2024,CORP_001,breakfast,high,47.4,
04-06-2024,CORP_001,lunch,low,7.8,
04-06-2024,CORP_001,dinner,low,3.4,
05-06-2024,UNIV_001,breakfast,low,5.8,
05-06-2024,UNIV_001,lunch,high,40.2,
05-06-2024,UNIV_001,dinner,high,40.7,
05-06-2024,CORP_001,breakfast,high,30.8,
05-06-2024,CORP_001,lunch,low,5.9,
05-06-2024,CORP_001,dinner,medium,24.8,
06-06-2024,UNIV_001,breakfast,high,48.4,
06-06-2024,UNIV_001,lunch,high,35.4,
06-06-2024,UNIV_001,dinner,medium,24.6,
06-06-2024,CORP_001,breakfast,high,39.1,
06-06-2024,CORP_001,lunch,low,5.1,
06-06-2024,CORP_001,dinner,high,28.1,
07-06-2024,UNIV_001,breakfast,medium,23.2,
07-06-2024,UNIV_001,lunch,medium,13.8,
07-06-2024,UNIV_001,dinner,medium,8.1,
07-06-2024,CORP_001,breakfast,medium,17.2,
07-06-2024,CORP_001,lunch,medium,10.5,
07-06-2024,CORP_001,dinner,high,40.1,
08-06-2024,UNIV_001,breakfast,low,5.9,
08-06-2024,UNIV_001,lunch,high,41.1,
08-06-2024,UNIV_001,dinner,high,51.6,
08-06-2024,CORP_001,breakfast,high,48.8,
08-06-2024,CORP_001,lunch,high,47.1,
08-06-2024,CORP_001,dinner,high,44.1,
09-06-2024,UNIV_001,breakfast,high,44,
09-06-2024,UNIV_001,lunch,medium,10.4,
09-06-2024,UNIV_001,dinner,low,4.7,
09-06-2024,CORP_001,breakfast,high,35,
09-06-2024,CORP_001,lunch,high,45.6,
09-06-2024,CORP_001,dinner,high,38.2,
10-06-2024,UNIV_001,breakfast,high,26,
10-06-2024,UNIV_001,lunch,medium,18.5,
10-06-2024,UNIV_001,dinner,medium,8.2,
10-06-2024,CORP_001,breakfast,high,59.6,
10-06-2024,CORP_001,lunch,low,4.6,
10-06-2024,CORP_001,dinner,high,59.8,
11-06-2024,UNIV_001,breakfast,medium,11.8,
11-06-2024,UNIV_001,lunch,low,4.9,
11-06-2024,UNIV_001,dinner,medium,17.3,
11-06-2024,CORP_001,breakfast,high,50.8,
11-06-2024,CORP_001,lunch,high,35.5,
11-06-2024,CORP_001,dinner,high,58.7,
12-06-2024,UNIV_001,breakfast,medium,9.5,
12-06-2024,UNIV_001,lunch,low,8,
12-06-2024,UNIV_001,dinner,medium,21.3,
12-06-2024,CORP_001,breakfast,high,31.3,
12-06-2024,CORP_001,lunch,low,7.3,
12-06-2024,CORP_001,dinner,medium,14.2,
13-06-2024,UNIV_001,breakfast,high,52.4,
13-06-2024,UNIV_001,lunch,medium,24.2,
13-06-2024,UNIV_001,dinner,low,6.9,
13-06-2024,CORP_001,breakfast,medium,10.5,
13-06-2024,CORP_001,lunch,low,7.3,
13-06-2024,CORP_001,dinner,high,42.7,
14-06-2024,UNIV_001,breakfast,medium,13.3,
14-06-2024,UNIV_001,lunch,low,2.4,
14-06-2024,UNIV_001,dinner,high,49,
14-06-2024,CORP_001,breakfast,high,36.9,
14-06-2024,CORP_001,lunch,low,4,
14-06-2024,CORP_001,dinner,medium,19.9,
15-06-2024,UNIV_001,breakfast,high,33.4,
15-06-2024,UNIV_001,lunch,high,59.1,
15-06-2024,UNIV_001,dinner,high,43.7,
15-06-2024,CORP_001,breakfast,medium,14.9,
15-06-2024,CORP_001,lunch,medium,13.5,
15-06-2024,CORP_001,dinner,high,38.5,
16-06-2024,UNIV_001,breakfast,high,50.4,
16-06-2024,UNIV_001,lunch,medium,13.3,
16-06-2024,UNIV_001,dinner,high,51.4,
16-06-2024,CORP_001,breakfast,medium,13.8,
16-06-2024,CORP_001,lunch,high,51.1,
16-06-2024,CORP_001,dinner,high,54,
17-06-2024,UNIV_001,breakfast,high,59.3,
17-06-2024,UNIV_001,lunch,high,26.6,
17-06-2024,UNIV_001,dinner,medium,13.3,
17-06-2024,CORP_001,breakfast,high,27.8,
17-06-2024,CORP_001,lunch,high,35.5,
17-06-2024,CORP_001,dinner,high,36.5,
18-06-2024,UNIV_001,breakfast,medium,16,
18-06-2024,UNIV_001,lunch,low,7.7,
18-06-2024,UNIV_001,dinner,low,3.3,
18-06-2024,CORP_001,breakfast,medium,21.4,
18-06-2024,CORP_001,lunch,low,4.5,
18-06-2024,CORP_001,dinner,high,40.5,
19-06-2024,UNIV_001,breakfast,medium,13.8,
19-06-2024,UNIV_001,lunch,medium,18.5,
19-06-2024,UNIV_001,dinner,medium,10.8,
19-06-2024,CORP_001,breakfast,medium,18.2,
19-06-2024,CORP_001,lunch,high,35.8,
19-06-2024,CORP_001,dinner,medium,18.3,
20-06-2024,UNIV_001,breakfast,medium,19.7,
20-06-2024,UNIV_001,lunch,low,2.4,
20-06-2024,UNIV_001,dinner,medium,17.8,
20-06-2024,CORP_001,breakfast,high,36.8,
20-06-2024,CORP_001,lunch,low,3.1,
20-06-2024,CORP_001,dinner,medium,20.5,
21-06-2024,UNIV_001,breakfast,high,37.2,
21-06-2024,UNIV_001,lunch,low,3.5,
21-06-2024,UNIV_001,dinner,low,3.8,
21-06-2024,CORP_001,breakfast,low,3.8,
21-06-2024,CORP_001,lunch,low,3.7,
21-06-2024,CORP_001,dinner,medium,8.6,
22-06-2024,UNIV_001,breakfast,high,56.8,
22-06-2024,UNIV_001,lunch,high,35.8,
22-06-2024,UNIV_001,dinner,high,31.5,
22-06-2024,CORP_001,breakfast,high,33.4,
22-06-2024,CORP_001,lunch,high,42.1,
22-06-2024,CORP_001,dinner,medium,19.5,
23-06-2024,UNIV_001,breakfast,high,48,
23-06-2024,UNIV_001,lunch,medium,13.2,
23-06-2024,UNIV_001,dinner,high,37.2,
23-06-2024,CORP_001,breakfast,high,37.5,
23-06-2024,CORP_001,lunch,medium,13.9,
23-06-2024,CORP_001,dinner,medium,11.3,
24-06-2024,UNIV_001,breakfast,low,7.5,
24-06-2024,UNIV_001,lunch,low,5.8,
24-06-2024,UNIV_001,dinner,low,7.5,
24-06-2024,CORP_001,breakfast,medium,13.5,
24-06-2024,CORP_001,lunch,low,6.9,
24-06-2024,CORP_001,dinner,high,52,
25-06-2024,UNIV_001,breakfast,medium,14.4,
25-06-2024,UNIV_001,lunch,medium,14.9,
25-06-2024,UNIV_001,dinner,high,58.7,
25-06-2024,CORP_001,breakfast,high,39.7,
25-06-2024,CORP_001,lunch,low,5.9,
25-06-2024,CORP_001,dinner,medium,15.3,
26-06-2024,UNIV_001,breakfast,high,38.5,
26-06-2024,UNIV_001,lunch,low,5.1,
26-06-2024,UNIV_001,dinner,low,3.9,
26-06-2024,CORP_001,breakfast,low,7.7,
26-06-2024,CORP_001,lunch,medium,20.6,
26-06-2024,CORP_001,dinner,medium,9.5,
27-06-2024,UNIV_001,breakfast,low,4,
27-06-2024,UNIV_001,lunch,high,27.2,
27-06-2024,UNIV_001,dinner,medium,11,
27-06-2024,CORP_001,breakfast,high,29.6,
27-06-2024,CORP_001,lunch,low,4.4,
27-06-2024,CORP_001,dinner,low,6.5,
28-06-2024,UNIV_001,breakfast,medium,12.5,
28-06-2024,UNIV_001,lunch,high,57.5,
28-06-2024,UNIV_001,dinner,medium,18.4,
28-06-2024,CORP_001,breakfast,low,5.6,
28-06-2024,CORP_001,lunch,medium,8,
28-06-2024,CORP_001,dinner,medium,15.9,
29-06-2024,UNIV_001,breakfast,medium,11.6,
29-06-2024,UNIV_001,lunch,high,47.3,
29-06-2024,UNIV_001,dinner,high,47.2,
29-06-2024,CORP_001,breakfast,high,59.6,
29-06-2024,CORP_001,lunch,high,50.6,
29-06-2024,CORP_001,dinner,medium,17.7,
30-06-2024,UNIV_001,breakfast,high,56.9,
30-06-2024,UNIV_001,lunch,medium,10.8,
30-06-2024,UNIV_001,dinner,high,28.7,
30-06-2024,CORP_001,breakfast,high,45.7,
30-06-2024,CORP_001,lunch,high,28.4,
30-06-2024,CORP_001,dinner,high,59.3,
01-07-2024,UNIV_001,breakfast,high,28,
01-07-2024,UNIV_001,lunch,medium,24.5,
01-07-2024,UNIV_001,dinner,medium,14.6,
01-07-2024,CORP_001,breakfast,medium,18.1,
01-07-2024,CORP_001,lunch,medium,13.9,
01-07-2024,CORP_001,dinner,medium,14.4,
02-07-2024,UNIV_001,breakfast,low,6.2,
02-07-2024,UNIV_001,lunch,low,6.2,
02-07-2024,UNIV_001,dinner,high,43.6,
02-07-2024,CORP_001,breakfast,low,7.7,
02-07-2024,CORP_001,lunch,high,46.4,
02-07-2024,CORP_001,dinner,low,5.4,
03-07-2024,UNIV_001,breakfast,medium,20.3,
03-07-2024,UNIV_001,lunch,high,30.9,
03-07-2024,UNIV_001,dinner,high,57.9,
03-07-2024,CORP_001,breakfast,high,30.7,
03-07-2024,CORP_001,lunch,medium,12.9,
03-07-2024,CORP_001,dinner,low,4.4,
04-07-2024,UNIV_001,breakfast,high,36.2,
04-07-2024,UNIV_001,lunch,high,41.4,
04-07-2024,UNIV_001,dinner,high,43.5,
04-07-2024,CORP_001,breakfast,high,50.1,
04-07-2024,CORP_001,lunch,medium,14.5,
04-07-2024,CORP_001,dinner,high,28,
05-07-2024,UNIV_001,breakfast,high,36.6,
05-07-2024,UNIV_001,lunch,low,5.7,
05-07-2024,UNIV_001,dinner,high,31.7,
05-07-2024,CORP_001,breakfast,medium,16.2,
05-07-2024,CORP_001,lunch,low,6.5,
05-07-2024,CORP_001,dinner,medium,9.2,
06-07-2024,UNIV_001,breakfast,high,39.5,
06-07-2024,UNIV_001,lunch,high,39.6,
06-07-2024,UNIV_001,dinner,high,42.7,
06-07-2024,CORP_001,breakfast,high,41.7,
06-07-2024,CORP_001,lunch,high,47,
06-07-2024,CORP_001,dinner,high,32.5,
07-07-2024,UNIV_001,breakfast,medium,20.7,
07-07-2024,UNIV_001,lunch,medium,15.4,
07-07-2024,UNIV_001,dinner,high,29.1,
07-07-2024,CORP_001,breakfast,medium,17.3,
07-07-2024,CORP_001,lunch,medium,21.4,
07-07-2024,CORP_001,dinner,high,33.4,
08-07-2024,UNIV_001,breakfast,high,47.7,
08-07-2024,UNIV_001,lunch,medium,12,
08-07-2024,UNIV_001,dinner,high,35,
08-07-2024,CORP_001,breakfast,high,41,
08-07-2024,CORP_001,lunch,high,45.2,
08-07-2024,CORP_001,dinner,medium,21.6,
09-07-2024,UNIV_001,breakfast,low,7.9,
09-07-2024,UNIV_001,lunch,low,5.2,
09-07-2024,UNIV_001,dinner,high,26.4,
09-07-2024,CORP_001,breakfast,low,6.3,
09-07-2024,CORP_001,lunch,medium,8.8,
09-07-2024,CORP_001,dinner,high,33.1,
10-07-2024,UNIV_001,breakfast,low,6.2,
10-07-2024,UNIV_001,lunch,low,5.2,
10-07-2024,UNIV_001,dinner,low,7.6,
10-07-2024,CORP_001,breakfast,high,28.6,
10-07-2024,CORP_001,lunch,low,2,
10-07-2024,CORP_001,dinner,low,7.4,
11-07-2024,UNIV_001,breakfast,medium,21.7,
11-07-2024,UNIV_001,lunch,high,33.8,
11-07-2024,UNIV_001,dinner,high,43.7,
11-07-2024,CORP_001,breakfast,high,44.7,
11-07-2024,CORP_001,lunch,high,53.2,
11-07-2024,CORP_001,dinner,medium,18.3,
12-07-2024,UNIV_001,breakfast,medium,20.3,
12-07-2024,UNIV_001,lunch,low,4.7,
12-07-2024,UNIV_001,dinner,medium,15.9,
12-07-2024,CORP_001,breakfast,low,4.4,
12-07-2024,CORP_001,lunch,low,2.8,
12-07-2024,CORP_001,dinner,medium,9.7,
13-07-2024,UNIV_001,breakfast,high,39.1,
13-07-2024,UNIV_001,lunch,medium,18.7,
13-07-2024,UNIV_001,dinner,low,6,
13-07-2024,CORP_001,breakfast,high,49.5,
13-07-2024,CORP_001,lunch,high,49.1,
13-07-2024,CORP_001,dinner,high,31.1,
14-07-2024,UNIV_001,breakfast,high,53.5,
14-07-2024,UNIV_001,lunch,medium,23.6,
14-07-2024,UNIV_001,dinner,medium,22.6,
14-07-2024,CORP_001,breakfast,medium,12.4,
14-07-2024,CORP_001,lunch,high,30.2,
14-07-2024,CORP_001,dinner,medium,11.8,
15-07-2024,UNIV_001,breakfast,medium,11.7,
15-07-2024,UNIV_001,lunch,medium,24.3,
15-07-2024,UNIV_001,dinner,low,6.8,
15-07-2024,CORP_001,breakfast,medium,13.2,
15-07-2024,CORP_001,lunch,low,3.3,
15-07-2024,CORP_001,dinner,high,37.4,
16-07-2024,UNIV_001,breakfast,high,48.9,
16-07-2024,UNIV_001,lunch,medium,10.5,
16-07-2024,UNIV_001,dinner,medium,15.9,
16-07-2024,CORP_001,breakfast,low,3.5,
16-07-2024,CORP_001,lunch,low,6.6,
16-07-2024,CORP_001,dinner,low,6.1,
17-07-2024,UNIV_001,breakfast,medium,23.9,
17-07-2024,UNIV_001,lunch,low,6.6,
17-07-2024,UNIV_001,dinner,medium,11.3,
17-07-2024,CORP_001,breakfast,high,55.6,
17-07-2024,CORP_001,lunch,medium,22.6,
17-07-2024,CORP_001,dinner,medium,24.7,
18-07-2024,UNIV_001,breakfast,low,3.6,
18-07-2024,UNIV_001,lunch,low,7.4,
18-07-2024,UNIV_001,dinner,low,2.3,
18-07-2024,CORP_001,breakfast,medium,12.1,
18-07-2024,CORP_001,lunch,low,2.3,
18-07-2024,CORP_001,dinner,low,5.7,
19-07-2024,UNIV_001,breakfast,low,6.4,
19-07-2024,UNIV_001,lunch,low,2.8,
19-07-2024,UNIV_001,dinner,medium,23.2,
19-07-2024,CORP_001,breakfast,medium,16.8,
19-07-2024,CORP_001,lunch,low,3.7,
19-07-2024,CORP_001,dinner,medium,11,
20-07-2024,UNIV_001,breakfast,high,53.5,
20-07-2024,UNIV_001,lunch,medium,10.6,
20-07-2024,UNIV_001,dinner,high,25.4,
20-07-2024,CORP_001,breakfast,high,28.3,
20-07-2024,CORP_001,lunch,high,41.3,
20-07-2024,CORP_001,dinner,high,30.6,
21-07-2024,UNIV_001,breakfast,medium,14.1,
21-07-2024,UNIV_001,lunch,medium,18.6,
21-07-2024,UNIV_001,dinner,medium,10.9,
21-07-2024,CORP_001,breakfast,high,39.8,
21-07-2024,CORP_001,lunch,medium,17.9,
21-07-2024,CORP_001,dinner,high,40.3,
22-07-2024,UNIV_001,breakfast,high,55.2,
22-07-2024,UNIV_001,lunch,low,4.6,
22-07-2024,UNIV_001,dinner,medium,16.2,
22-07-2024,CORP_001,breakfast,high,60,
22-07-2024,CORP_001,lunch,high,36,
22-07-2024,CORP_001,dinner,medium,21.2,
23-07-2024,UNIV_001,breakfast,medium,12.8,
23-07-2024,UNIV_001,lunch,medium,19.4,
23-07-2024,UNIV_001,dinner,high,60,
23-07-2024,CORP_001,breakfast,high,39.8,
23-07-2024,CORP_001,lunch,medium,18.7,
23-07-2024,CORP_001,dinner,medium,17.5,
24-07-2024,UNIV_001,breakfast,medium,14.5,
24-07-2024,UNIV_001,lunch,low,2.1,
24-07-2024,UNIV_001,dinner,medium,23.8,
24-07-2024,CORP_001,breakfast,high,31.2,
24-07-2024,CORP_001,lunch,medium,16.5,
24-07-2024,CORP_001,dinner,high,43.2,
25-07-2024,UNIV_001,breakfast,high,33.4,
25-07-2024,UNIV_001,lunch,low,6.5,
25-07-2024,UNIV_001,dinner,low,6.6,
25-07-2024,CORP_001,breakfast,medium,14.5,
25-07-2024,CORP_001,lunch,medium,11.4,
25-07-2024,CORP_001,dinner,low,7.5,
26-07-2024,UNIV_001,breakfast,medium,20.1,
26-07-2024,UNIV_001,lunch,low,6.1,
26-07-2024,UNIV_001,dinner,medium,16.8,
26-07-2024,CORP_001,breakfast,low,6.2,
26-07-2024,CORP_001,lunch,medium,18.7,
26-07-2024,CORP_001,dinner,medium,12.6,
27-07-2024,UNIV_001,breakfast,high,30.7,
27-07-2024,UNIV_001,lunch,medium,20.4,
27-07-2024,UNIV_001,dinner,high,59.4,
27-07-2024,CORP_001,breakfast,high,57.7,
27-07-2024,CORP_001,lunch,high,52.3,
27-07-2024,CORP_001,dinner,high,56.3,
28-07-2024,UNIV_001,breakfast,medium,14.3,
28-07-2024,UNIV_001,lunch,high,34.6,
28-07-2024,UNIV_001,dinner,high,28.6,
28-07-2024,CORP_001,breakfast,high,36.2,
28-07-2024,CORP_001,lunch,high,42.8,
28-07-2024,CORP_001,dinner,low,5.2,
29-07-2024,UNIV_001,breakfast,medium,19.2,
29-07-2024,UNIV_001,lunch,low,7.4,
29-07-2024,UNIV_001,dinner,high,37.4,
29-07-2024,CORP_001,breakfast,high,34.8,
29-07-2024,CORP_001,lunch,medium,16.8,
29-07-2024,CORP_001,dinner,medium,21.9,
30-07-2024,UNIV_001,breakfast,medium,9.8,
30-07-2024,UNIV_001,lunch,low,6.5,
30-07-2024,UNIV_001,dinner,medium,11.7,
30-07-2024,CORP_001,breakfast,high,35.5,
30-07-2024,CORP_001,lunch,low,4.2,
30-07-2024,CORP_001,dinner,medium,20.1,
31-07-2024,UNIV_001,breakfast,low,4,
31-07-2024,UNIV_001,lunch,low,2.1,
31-07-2024,UNIV_001,dinner,medium,10.5,
31-07-2024,CORP_001,breakfast,medium,17.7,
31-07-2024,CORP_001,lunch,low,2.2,
31-07-2024,CORP_001,dinner,low,2.8,
01-08-2024,UNIV_001,breakfast,high,33.3,
01-08-2024,UNIV_001,lunch,low,2.7,
01-08-2024,UNIV_001,dinner,high,55.8,
01-08-2024,CORP_001,breakfast,high,41,
01-08-2024,CORP_001,lunch,low,8,
01-08-2024,CORP_001,dinner,high,33.4,
02-08-2024,UNIV_001,breakfast,medium,12.5,
02-08-2024,UNIV_001,lunch,low,6.9,
02-08-2024,UNIV_001,dinner,low,2.4,
02-08-2024,CORP_001,breakfast,medium,14.1,
02-08-2024,CORP_001,lunch,low,7.6,
02-08-2024,CORP_001,dinner,low,7.7,
03-08-2024,UNIV_001,breakfast,high,59.1,
03-08-2024,UNIV_001,lunch,high,47,
03-08-2024,UNIV_001,dinner,high,48.8,
03-08-2024,CORP_001,breakfast,medium,14.4,
03-08-2024,CORP_001,lunch,medium,22.2,
03-08-2024,CORP_001,dinner,high,44.7,
04-08-2024,UNIV_001,breakfast,high,35,
04-08-2024,UNIV_001,lunch,medium,13.7,
04-08-2024,UNIV_001,dinner,high,57.2,
04-08-2024,CORP_001,breakfast,high,31.6,
04-08-2024,CORP_001,lunch,low,4,
04-08-2024,CORP_001,dinner,high,27.1,
05-08-2024,UNIV_001,breakfast,high,26.8,
05-08-2024,UNIV_001,lunch,medium,13.7,
05-08-2024,UNIV_001,dinner,high,27.4,
05-08-2024,CORP_001,breakfast,medium,23.1,
05-08-2024,CORP_001,lunch,medium,9.3,
05-08-2024,CORP_001,dinner,medium,12.9,
06-08-2024,UNIV_001,breakfast,medium,9.8,
06-08-2024,UNIV_001,lunch,low,6.2,
06-08-2024,UNIV_001,dinner,high,40.8,
06-08-2024,CORP_001,breakfast,high,46.2,
06-08-2024,CORP_001,lunch,low,2.1,
06-08-2024,CORP_001,dinner,low,4.4,
07-08-2024,UNIV_001,breakfast,high,34.7,
07-08-2024,UNIV_001,lunch,high,35.9,
07-08-2024,UNIV_001,dinner,medium,9.2,
07-08-2024,CORP_001,breakfast,medium,17.6,
07-08-2024,CORP_001,lunch,medium,22.5,
07-08-2024,CORP_001,dinner,medium,24.2,
08-08-2024,UNIV_001,breakfast,high,37.9,
08-08-2024,UNIV_001,lunch,low,5.8,
08-08-2024,UNIV_001,dinner,medium,17.6,
08-08-2024,CORP_001,breakfast,high,43.8,
08-08-2024,CORP_001,lunch,low,7.3,
08-08-2024,CORP_001,dinner,medium,16.5,
09-08-2024,UNIV_001,breakfast,high,56.5,
09-08-2024,UNIV_001,lunch,low,2.2,
09-08-2024,UNIV_001,dinner,low,5.5,
09-08-2024,CORP_001,breakfast,high,47,
09-08-2024,CORP_001,lunch,low,6.5,
09-08-2024,CORP_001,dinner,medium,13.2,
10-08-2024,UNIV_001,breakfast,high,55.9,
10-08-2024,UNIV_001,lunch,high,28.4,
10-08-2024,UNIV_001,dinner,high,48.4,
10-08-2024,CORP_001,breakfast,medium,15.9,
10-08-2024,CORP_001,lunch,high,46.6,
10-08-2024,CORP_001,dinner,high,31.6,
11-08-2024,UNIV_001,breakfast,medium,10.6,
11-08-2024,UNIV_001,lunch,medium,22.3,
11-08-2024,UNIV_001,dinner,medium,20.3,
11-08-2024,CORP_001,breakfast,high,48.8,
11-08-2024,CORP_001,lunch,high,53.8,
11-08-2024,CORP_001,dinner,high,25.9,
12-08-2024,UNIV_001,breakfast,medium,8.8,
12-08-2024,UNIV_001,lunch,low,7.3,
12-08-2024,UNIV_001,dinner,medium,22.3,
12-08-2024,CORP_001,breakfast,high,43.4,
12-08-2024,CORP_001,lunch,medium,14.1,
12-08-2024,CORP_001,dinner,high,31.7,
13-08-2024,UNIV_001,breakfast,high,37.1,
13-08-2024,UNIV_001,lunch,medium,16.4,
13-08-2024,UNIV_001,dinner,medium,16.9,
13-08-2024,CORP_001,breakfast,high,47.3,
13-08-2024,CORP_001,lunch,low,2,
13-08-2024,CORP_001,dinner,low,2.6,
14-08-2024,UNIV_001,breakfast,medium,24.1,
14-08-2024,UNIV_001,lunch,medium,18.1,
14-08-2024,UNIV_001,dinner,medium,21.1,
14-08-2024,CORP_001,breakfast,high,39.9,
14-08-2024,CORP_001,lunch,high,46.8,
14-08-2024,CORP_001,dinner,low,4.3,
15-08-2024,UNIV_001,breakfast,medium,9.6,
15-08-2024,UNIV_001,lunch,high,33,
15-08-2024,UNIV_001,dinner,high,49.1,
15-08-2024,CORP_001,breakfast,medium,19.4,
15-08-2024,CORP_001,lunch,low,5.6,
15-08-2024,CORP_001,dinner,medium,20,
16-08-2024,UNIV_001,breakfast,high,46.8,
16-08-2024,UNIV_001,lunch,low,4.6,
16-08-2024,UNIV_001,dinner,medium,14,
16-08-2024,CORP_001,breakfast,medium,17.4,
16-08-2024,CORP_001,lunch,medium,8.1,
16-08-2024,CORP_001,dinner,medium,12.8,
17-08-2024,UNIV_001,breakfast,low,3.4,
17-08-2024,UNIV_001,lunch,medium,21.9,
17-08-2024,UNIV_001,dinner,high,41.1,
17-08-2024,CORP_001,breakfast,high,30.6,
17-08-2024,CORP_001,lunch,high,50.4,
17-08-2024,CORP_001,dinner,high,57.2,
18-08-2024,UNIV_001,breakfast,high,34.1,
18-08-2024,UNIV_001,lunch,low,5.1,
18-08-2024,UNIV_001,dinner,high,49.7,
18-08-2024,CORP_001,breakfast,low,2.5,
18-08-2024,CORP_001,lunch,low,6.5,
18-08-2024,CORP_001,dinner,high,50,
19-08-2024,UNIV_001,breakfast,high,53.3,
19-08-2024,UNIV_001,lunch,medium,12.4,
19-08-2024,UNIV_001,dinner,high,35.7,
19-08-2024,CORP_001,breakfast,high,54,
19-08-2024,CORP_001,lunch,medium,9.7,
19-08-2024,CORP_001,dinner,medium,15.9,
20-08-2024,UNIV_001,breakfast,medium,20.6,
20-08-2024,UNIV_001,lunch,high,54.9,
20-08-2024,UNIV_001,dinner,high,45.7,
20-08-2024,CORP_001,breakfast,medium,21.6,
20-08-2024,CORP_001,lunch,medium,8.5,
20-08-2024,CORP_001,dinner,medium,17.5,
21-08-2024,UNIV_001,breakfast,high,54.9,
21-08-2024,UNIV_001,lunch,low,4,
21-08-2024,UNIV_001,dinner,medium,19.1,
21-08-2024,CORP_001,breakfast,high,47.6,
21-08-2024,CORP_001,lunch,low,6.2,
21-08-2024,CORP_001,dinner,medium,15.3,
22-08-2024,UNIV_001,breakfast,low,4.5,
22-08-2024,UNIV_001,lunch,low,3.3,
22-08-2024,UNIV_001,dinner,medium,23.3,
22-08-2024,CORP_001,breakfast,high,29.8,
22-08-2024,CORP_001,lunch,low,2.3,
22-08-2024,CORP_001,dinner,medium,16.1,
23-08-2024,UNIV_001,breakfast,high,34,
23-08-2024,UNIV_001,lunch,low,5.6,
23-08-2024,UNIV_001,dinner,medium,24.5,
23-08-2024,CORP_001,breakfast,high,59.8,
23-08-2024,CORP_001,lunch,medium,14.9,
23-08-2024,CORP_001,dinner,medium,22.2,
24-08-2024,UNIV_001,breakfast,medium,20.6,
24-08-2024,UNIV_001,lunch,high,54.3,
24-08-2024,UNIV_001,dinner,medium,20.9,
24-08-2024,CORP_001,breakfast,medium,22.6,
24-08-2024,CORP_001,lunch,high,55.1,
24-08-2024,CORP_001,dinner,high,28.1,
25-08-2024,UNIV_001,breakfast,medium,11.6,
25-08-2024,UNIV_001,lunch,medium,15.4,
25-08-2024,UNIV_001,dinner,high,40,
25-08-2024,CORP_001,breakfast,medium,19,
25-08-2024,CORP_001,lunch,high,39.7,
25-08-2024,CORP_001,dinner,high,35.8,
26-08-2024,UNIV_001,breakfast,medium,8.8,
26-08-2024,UNIV_001,lunch,low,4,
26-08-2024,UNIV_001,dinner,medium,24.3,
26-08-2024,CORP_001,breakfast,high,33.5,
26-08-2024,CORP_001,lunch,low,4.4,
26-08-2024,CORP_001,dinner,medium,10.1,
27-08-2024,UNIV_001,breakfast,medium,14.5,
27-08-2024,UNIV_001,lunch,low,6.1,
27-08-2024,UNIV_001,dinner,low,5.1,
27-08-2024,CORP_001,breakfast,medium,10.6,
27-08-2024,CORP_001,lunch,low,7.5,
27-08-2024,CORP_001,dinner,medium,23.3,
28-08-2024,UNIV_001,breakfast,low,6.8,
28-08-2024,UNIV_001,lunch,medium,21.3,
28-08-2024,UNIV_001,dinner,medium,13.6,
28-08-2024,CORP_001,breakfast,medium,14.3,
28-08-2024,CORP_001,lunch,medium,11.6,
28-08-2024,CORP_001,dinner,low,2.7,
29-08-2024,UNIV_001,breakfast,medium,9.7,
29-08-2024,UNIV_001,lunch,low,6,
29-08-2024,UNIV_001,dinner,low,3.9,
29-08-2024,CORP_001,breakfast,high,43.7,
29-08-2024,CORP_001,lunch,high,54.3,
29-08-2024,CORP_001,dinner,medium,10.1,
30-08-2024,UNIV_001,breakfast,medium,20.4,
30-08-2024,UNIV_001,lunch,medium,21.3,
30-08-2024,UNIV_001,dinner,medium,16.1,
30-08-2024,CORP_001,breakfast,medium,9.8,
30-08-2024,CORP_001,lunch,medium,22.2,
30-08-2024,CORP_001,dinner,medium,11.3,
31-08-2024,UNIV_001,breakfast,high,49.6,
31-08-2024,UNIV_001,lunch,medium,15.5,
31-08-2024,UNIV_001,dinner,high,56.6,
31-08-2024,CORP_001,breakfast,low,2.8,
31-08-2024,CORP_001,lunch,high,56.6,
31-08-2024,CORP_001,dinner,high,41.9,
01-09-2024,UNIV_001,breakfast,high,55.9,
01-09-2024,UNIV_001,lunch,medium,24.9,
01-09-2024,UNIV_001,dinner,medium,13.5,
01-09-2024,CORP_001,breakfast,high,49.6,
01-09-2024,CORP_001,lunch,medium,15.9,
01-09-2024,CORP_001,dinner,high,42.1,
02-09-2024,UNIV_001,breakfast,high,26.7,
02-09-2024,UNIV_001,lunch,medium,15.6,
02-09-2024,UNIV_001,dinner,low,3.7,
02-09-2024,CORP_001,breakfast,medium,8.9,
02-09-2024,CORP_001,lunch,medium,24.4,
02-09-2024,CORP_001,dinner,medium,19.8,
03-09-2024,UNIV_001,breakfast,high,26.5,
03-09-2024,UNIV_001,lunch,high,43.8,
03-09-2024,UNIV_001,dinner,high,36.7,
03-09-2024,CORP_001,breakfast,high,30.7,
03-09-2024,CORP_001,lunch,medium,11.5,
03-09-2024,CORP_001,dinner,high,31.9,
04-09-2024,UNIV_001,breakfast,medium,17.7,
04-09-2024,UNIV_001,lunch,low,3,
04-09-2024,UNIV_001,dinner,medium,13.6,
04-09-2024,CORP_001,breakfast,medium,19.1,
04-09-2024,CORP_001,lunch,low,7.1,
04-09-2024,CORP_001,dinner,low,4.1,
05-09-2024,UNIV_001,breakfast,medium,24.5,
05-09-2024,UNIV_001,lunch,medium,23.9,
05-09-2024,UNIV_001,dinner,high,48.6,
05-09-2024,CORP_001,breakfast,high,46.1,
05-09-2024,CORP_001,lunch,low,4.7,
05-09-2024,CORP_001,dinner,low,7.5,
06-09-2024,UNIV_001,breakfast,medium,11.7,
06-09-2024,UNIV_001,lunch,high,39.4,
06-09-2024,UNIV_001,dinner,medium,19.8,
06-09-2024,CORP_001,breakfast,low,7.7,
06-09-2024,CORP_001,lunch,low,4.4,
06-09-2024,CORP_001,dinner,high,48.2,
07-09-2024,UNIV_001,breakfast,high,35.8,
07-09-2024,UNIV_001,lunch,medium,21.7,
07-09-2024,UNIV_001,dinner,high,39.6,
07-09-2024,CORP_001,breakfast,high,56,
07-09-2024,CORP_001,lunch,high,34.5,
07-09-2024,CORP_001,dinner,high,30.2,
08-09-2024,UNIV_001,breakfast,high,42.3,
08-09-2024,UNIV_001,lunch,medium,18.8,
08-09-2024,UNIV_001,dinner,medium,13.2,
08-09-2024,CORP_001,breakfast,high,29.9,
08-09-2024,CORP_001,lunch,high,40.7,
08-09-2024,CORP_001,dinner,high,43.7,
09-09-2024,UNIV_001,breakfast,high,51.8,
09-09-2024,UNIV_001,lunch,medium,24.5,
09-09-2024,UNIV_001,dinner,medium,17.2,
09-09-2024,CORP_001,breakfast,high,38.8,
09-09-2024,CORP_001,lunch,medium,15.7,
09-09-2024,CORP_001,dinner,high,30.3,
10-09-2024,UNIV_001,breakfast,medium,17.9,
10-09-2024,UNIV_001,lunch,low,4.9,
10-09-2024,UNIV_001,dinner,medium,21.1,
10-09-2024,CORP_001,breakfast,high,50.4,
10-09-2024,CORP_001,lunch,medium,15.8,
10-09-2024,CORP_001,dinner,medium,10.1,
11-09-2024,UNIV_001,breakfast,high,51,
11-09-2024,UNIV_001,lunch,low,7.4,
11-09-2024,UNIV_001,dinner,low,2.9,
11-09-2024,CORP_001,breakfast,high,29.6,
11-09-2024,CORP_001,lunch,medium,16.5,
11-09-2024,CORP_001,dinner,medium,11.2,
12-09-2024,UNIV_001,breakfast,high,43.8,
12-09-2024,UNIV_001,lunch,high,56.8,
12-09-2024,UNIV_001,dinner,medium,18.8,
12-09-2024,CORP_001,breakfast,high,59.7,
12-09-2024,CORP_001,lunch,medium,10.2,
12-09-2024,CORP_001,dinner,medium,12.2,
13-09-2024,UNIV_001,breakfast,high,40.2,
13-09-2024,UNIV_001,lunch,high,56.1,
13-09-2024,UNIV_001,dinner,medium,8.9,
13-09-2024,CORP_001,breakfast,high,36.9,
13-09-2024,CORP_001,lunch,low,3.6,
13-09-2024,CORP_001,dinner,high,55.9,
14-09-2024,UNIV_001,breakfast,high,57.6,
14-09-2024,UNIV_001,lunch,low,6.4,
14-09-2024,UNIV_001,dinner,medium,12.8,
14-09-2024,CORP_001,breakfast,high,57.8,
14-09-2024,CORP_001,lunch,high,38.5,
14-09-2024,CORP_001,dinner,medium,24.3,
15-09-2024,UNIV_001,breakfast,medium,24.8,
15-09-2024,UNIV_001,lunch,high,54.1,
15-09-2024,UNIV_001,dinner,medium,24.2,
15-09-2024,CORP_001,breakfast,high,32.1,
15-09-2024,CORP_001,lunch,high,52.4,
15-09-2024,CORP_001,dinner,low,6,
16-09-2024,UNIV_001,breakfast,high,44.4,
16-09-2024,UNIV_001,lunch,medium,16.7,
16-09-2024,UNIV_001,dinner,medium,18.7,
16-09-2024,CORP_001,breakfast,low,2.5,
16-09-2024,CORP_001,lunch,medium,14.3,
16-09-2024,CORP_001,dinner,medium,17,
17-09-2024,UNIV_001,breakfast,medium,11.3,
17-09-2024,UNIV_001,lunch,low,4.3,
17-09-2024,UNIV_001,dinner,low,6.1,
17-09-2024,CORP_001,breakfast,medium,12.2,
17-09-2024,CORP_001,lunch,low,4.6,
17-09-2024,CORP_001,dinner,medium,9.2,
18-09-2024,UNIV_001,breakfast,high,47.9,
18-09-2024,UNIV_001,lunch,low,7.7,
18-09-2024,UNIV_001,dinner,high,56.1,
18-09-2024,CORP_001,breakfast,high,40.4,
18-09-2024,CORP_001,lunch,high,26.1,
18-09-2024,CORP_001,dinner,medium,14.5,
19-09-2024,UNIV_001,breakfast,low,7.4,
19-09-2024,UNIV_001,lunch,low,6.8,
19-09-2024,UNIV_001,dinner,medium,16.9,
19-09-2024,CORP_001,breakfast,high,58,
19-09-2024,CORP_001,lunch,medium,13.6,
19-09-2024,CORP_001,dinner,medium,17.3,
20-09-2024,UNIV_001,breakfast,low,3.7,
20-09-2024,UNIV_001,lunch,high,50.9,
20-09-2024,UNIV_001,dinner,low,2.3,
20-09-2024,CORP_001,breakfast,medium,19,
20-09-2024,CORP_001,lunch,medium,10.9,
20-09-2024,CORP_001,dinner,medium,18.5,
21-09-2024,UNIV_001,breakfast,high,32.8,
21-09-2024,UNIV_001,lunch,low,5,
21-09-2024,UNIV_001,dinner,high,33.3,
21-09-2024,CORP_001,breakfast,high,28.3,
21-09-2024,CORP_001,lunch,medium,13.5,
21-09-2024,CORP_001,dinner,high,30.8,
22-09-2024,UNIV_001,breakfast,medium,21,
22-09-2024,UNIV_001,lunch,high,37.5,
22-09-2024,UNIV_001,dinner,high,34.3,
22-09-2024,CORP_001,breakfast,high,37.3,
22-09-2024,CORP_001,lunch,medium,11.2,
22-09-2024,CORP_001,dinner,high,31.7,
23-09-2024,UNIV_001,breakfast,medium,18.8,
23-09-2024,UNIV_001,lunch,medium,20.4,
23-09-2024,UNIV_001,dinner,medium,22.3,
23-09-2024,CORP_001,breakfast,medium,23.2,
23-09-2024,CORP_001,lunch,low,7.1,
23-09-2024,CORP_001,dinner,high,43,
24-09-2024,UNIV_001,breakfast,high,40.8,
24-09-2024,UNIV_001,lunch,medium,11.1,
24-09-2024,UNIV_001,dinner,high,25.5,
24-09-2024,CORP_001,breakfast,high,36.8,
24-09-2024,CORP_001,lunch,low,6.2,
24-09-2024,CORP_001,dinner,medium,13,
25-09-2024,UNIV_001,breakfast,high,27.1,
25-09-2024,UNIV_001,lunch,high,59.1,
25-09-2024,UNIV_001,dinner,high,56,
25-09-2024,CORP_001,breakfast,medium,12.8,
25-09-2024,CORP_001,lunch,low,6.6,
25-09-2024,CORP_001,dinner,high,39.1,
26-09-2024,UNIV_001,breakfast,low,6,
26-09-2024,UNIV_001,lunch,medium,24.6,
26-09-2024,UNIV_001,dinner,medium,21.1,
26-09-2024,CORP_001,breakfast,high,34.7,
26-09-2024,CORP_001,lunch,medium,10.6,
26-09-2024,CORP_001,dinner,low,2.6,
27-09-2024,UNIV_001,breakfast,high,58.4,
27-09-2024,UNIV_001,lunch,high,38.7,
27-09-2024,UNIV_001,dinner,medium,12.8,
27-09-2024,CORP_001,breakfast,medium,12.1,
27-09-2024,CORP_001,lunch,medium,19.6,
27-09-2024,CORP_001,dinner,medium,17.8,
28-09-2024,UNIV_001,breakfast,high,55.1,
28-09-2024,UNIV_001,lunch,low,3.5,
28-09-2024,UNIV_001,dinner,medium,12.6,
28-09-2024,CORP_001,breakfast,medium,24.7,
28-09-2024,CORP_001,lunch,high,35.8,
28-09-2024,CORP_001,dinner,high,40.8,
29-09-2024,UNIV_001,breakfast,high,39.8,
29-09-2024,UNIV_001,lunch,medium,11.7,
29-09-2024,UNIV_001,dinner,high,26.9,
29-09-2024,CORP_001,breakfast,high,33.2,
29-09-2024,CORP_001,lunch,high,57.6,
29-09-2024,CORP_001,dinner,high,31.3,
30-09-2024,UNIV_001,breakfast,low,7.4,
30-09-2024,UNIV_001,lunch,medium,14.6,
30-09-2024,UNIV_001,dinner,high,26.2,
30-09-2024,CORP_001,breakfast,high,42.6,
30-09-2024,CORP_001,lunch,medium,13.6,
30-09-2024,CORP_001,dinner,high,53.9,
01-10-2024,UNIV_001,breakfast,low,4,
01-10-2024,UNIV_001,lunch,low,4.5,
01-10-2024,UNIV_001,dinner,high,51.5,
01-10-2024,CORP_001,breakfast,high,34.8,
01-10-2024,CORP_001,lunch,low,3.1,
01-10-2024,CORP_001,dinner,high,50.9,
02-10-2024,UNIV_001,breakfast,high,43,
02-10-2024,UNIV_001,lunch,high,40.5,
02-10-2024,UNIV_001,dinner,high,56.1,
02-10-2024,CORP_001,breakfast,high,47.5,
02-10-2024,CORP_001,lunch,high,26.2,
02-10-2024,CORP_001,dinner,high,52.8,
03-10-2024,UNIV_001,breakfast,high,34,
03-10-2024,UNIV_001,lunch,low,5.7,
03-10-2024,UNIV_001,dinner,medium,10,
03-10-2024,CORP_001,breakfast,medium,12.6,
03-10-2024,CORP_001,lunch,medium,21.9,
03-10-2024,CORP_001,dinner,medium,23.4,
04-10-2024,UNIV_001,breakfast,medium,24.3,
04-10-2024,UNIV_001,lunch,low,3.2,
04-10-2024,UNIV_001,dinner,medium,23.9,
04-10-2024,CORP_001,breakfast,medium,9.5,
04-10-2024,CORP_001,lunch,low,5.6,
04-10-2024,CORP_001,dinner,high,32.8,
05-10-2024,UNIV_001,breakfast,medium,13,
05-10-2024,UNIV_001,lunch,high,56.4,
05-10-2024,UNIV_001,dinner,medium,18.9,
05-10-2024,CORP_001,breakfast,high,49.2,
05-10-2024,CORP_001,lunch,medium,18.1,
05-10-2024,CORP_001,dinner,high,49.6,
06-10-2024,UNIV_001,breakfast,high,45.9,
06-10-2024,UNIV_001,lunch,high,29.5,
06-10-2024,UNIV_001,dinner,high,50.5,
06-10-2024,CORP_001,breakfast,high,27.9,
06-10-2024,CORP_001,lunch,high,47.6,
06-10-2024,CORP_001,dinner,low,5.6,
07-10-2024,UNIV_001,breakfast,low,6.4,
07-10-2024,UNIV_001,lunch,medium,8.5,
07-10-2024,UNIV_001,dinner,medium,10.1,
07-10-2024,CORP_001,breakfast,high,38.5,
07-10-2024,CORP_001,lunch,low,4.8,
07-10-2024,CORP_001,dinner,medium,14.5,
08-10-2024,UNIV_001,breakfast,medium,20.7,
08-10-2024,UNIV_001,lunch,high,41.4,
08-10-2024,UNIV_001,dinner,high,29.7,
08-10-2024,CORP_001,breakfast,high,27.1,
08-10-2024,CORP_001,lunch,medium,22.8,
08-10-2024,CORP_001,dinner,low,6.1,
09-10-2024,UNIV_001,breakfast,medium,15.8,
09-10-2024,UNIV_001,lunch,medium,16.5,
09-10-2024,UNIV_001,dinner,low,7.3,
09-10-2024,CORP_001,breakfast,high,36.4,
09-10-2024,CORP_001,lunch,medium,20.5,
09-10-2024,CORP_001,dinner,low,2.6,
10-10-2024,UNIV_001,breakfast,high,28.7,
10-10-2024,UNIV_001,lunch,high,50.5,
10-10-2024,UNIV_001,dinner,low,3.3,
10-10-2024,CORP_001,breakfast,high,41.1,
10-10-2024,CORP_001,lunch,high,28.7,
10-10-2024,CORP_001,dinner,medium,13.1,
11-10-2024,UNIV_001,breakfast,high,44.8,
11-10-2024,UNIV_001,lunch,medium,20.1,
11-10-2024,UNIV_001,dinner,high,32.6,
11-10-2024,CORP_001,breakfast,high,32,
11-10-2024,CORP_001,lunch,medium,8.4,
11-10-2024,CORP_001,dinner,low,2.9,
12-10-2024,UNIV_001,breakfast,high,25.2,
12-10-2024,UNIV_001,lunch,high,46.1,
12-10-2024,UNIV_001,dinner,high,34.3,
12-10-2024,CORP_001,breakfast,high,50.6,
12-10-2024,CORP_001,lunch,high,56.1,
12-10-2024,CORP_001,dinner,high,51,
13-10-2024,UNIV_001,breakfast,high,30.4,
13-10-2024,UNIV_001,lunch,high,41.6,
13-10-2024,UNIV_001,dinner,high,29.5,
13-10-2024,CORP_001,breakfast,low,2.7,
13-10-2024,CORP_001,lunch,high,26.6,
13-10-2024,CORP_001,dinner,high,44.9,
14-10-2024,UNIV_001,breakfast,medium,19.2,
14-10-2024,UNIV_001,lunch,high,53.2,
14-10-2024,UNIV_001,dinner,high,26.8,
14-10-2024,CORP_001,breakfast,low,2.6,
14-10-2024,CORP_001,lunch,low,4.7,
14-10-2024,CORP_001,dinner,medium,8.3,
15-10-2024,UNIV_001,breakfast,high,48.4,
15-10-2024,UNIV_001,lunch,high,41.5,
15-10-2024,UNIV_001,dinner,medium,10.4,
15-10-2024,CORP_001,breakfast,medium,23.6,
15-10-2024,CORP_001,lunch,low,3.6,
15-10-2024,CORP_001,dinner,medium,18.2,
16-10-2024,UNIV_001,breakfast,high,53.3,
16-10-2024,UNIV_001,lunch,high,46.6,
16-10-2024,UNIV_001,dinner,high,25.5,
16-10-2024,CORP_001,breakfast,high,52.3,
16-10-2024,CORP_001,lunch,low,7.9,
16-10-2024,CORP_001,dinner,medium,13.9,
17-10-2024,UNIV_001,breakfast,high,52.3,
17-10-2024,UNIV_001,lunch,high,40.7,
17-10-2024,UNIV_001,dinner,high,28.2,
17-10-2024,CORP_001,breakfast,low,4.2,
17-10-2024,CORP_001,lunch,low,6,
17-10-2024,CORP_001,dinner,low,5.5,
18-10-2024,UNIV_001,breakfast,high,43.4,
18-10-2024,UNIV_001,lunch,high,29.3,
18-10-2024,UNIV_001,dinner,high,35.8,
18-10-2024,CORP_001,breakfast,medium,9.5,
18-10-2024,CORP_001,lunch,low,3.5,
18-10-2024,CORP_001,dinner,high,54,
19-10-2024,UNIV_001,breakfast,high,58.5,
19-10-2024,UNIV_001,lunch,medium,9,
19-10-2024,UNIV_001,dinner,high,26.3,
19-10-2024,CORP_001,breakfast,high,27.8,
19-10-2024,CORP_001,lunch,medium,12.8,
19-10-2024,CORP_001,dinner,high,27.3,
20-10-2024,UNIV_001,breakfast,medium,24.9,
20-10-2024,UNIV_001,lunch,high,47.1,
20-10-2024,UNIV_001,dinner,high,40.2,
20-10-2024,CORP_001,breakfast,high,31.1,
20-10-2024,CORP_001,lunch,high,26.6,
20-10-2024,CORP_001,dinner,high,27.6,
21-10-2024,UNIV_001,breakfast,medium,15.1,
21-10-2024,UNIV_001,lunch,low,4.1,
21-10-2024,UNIV_001,dinner,medium,21,
21-10-2024,CORP_001,breakfast,medium,21.6,
21-10-2024,CORP_001,lunch,medium,17.9,
21-10-2024,CORP_001,dinner,medium,18,
22-10-2024,UNIV_001,breakfast,low,5.6,
22-10-2024,UNIV_001,lunch,medium,10.2,
22-10-2024,UNIV_001,dinner,medium,18.8,
22-10-2024,CORP_001,breakfast,medium,17.1,
22-10-2024,CORP_001,lunch,low,7.5,
22-10-2024,CORP_001,dinner,low,2.5,
23-10-2024,UNIV_001,breakfast,medium,20.7,
23-10-2024,UNIV_001,lunch,low,4.6,
23-10-2024,UNIV_001,dinner,medium,22.7,
23-10-2024,CORP_001,breakfast,high,47.6,
23-10-2024,CORP_001,lunch,low,6.7,
23-10-2024,CORP_001,dinner,high,31.7,
24-10-2024,UNIV_001,breakfast,medium,16.6,
24-10-2024,UNIV_001,lunch,low,3.1,
24-10-2024,UNIV_001,dinner,high,26.3,
24-10-2024,CORP_001,breakfast,medium,20.5,
24-10-2024,CORP_001,lunch,low,7.2,
24-10-2024,CORP_001,dinner,low,6.8,
25-10-2024,UNIV_001,breakfast,medium,8.8,
25-10-2024,UNIV_001,lunch,low,6.2,
25-10-2024,UNIV_001,dinner,medium,16.5,
25-10-2024,CORP_001,breakfast,medium,24.5,
25-10-2024,CORP_001,lunch,low,4.4,
25-10-2024,CORP_001,dinner,high,37.3,
26-10-2024,UNIV_001,breakfast,high,49.5,
26-10-2024,UNIV_001,lunch,medium,20,
26-10-2024,UNIV_001,dinner,high,35.1,
26-10-2024,CORP_001,breakfast,low,5.9,
26-10-2024,CORP_001,lunch,high,55.2,
26-10-2024,CORP_001,dinner,high,50.6,
27-10-2024,UNIV_001,breakfast,high,55.3,
27-10-2024,UNIV_001,lunch,medium,22.7,
27-10-2024,UNIV_001,dinner,high,29.6,
27-10-2024,CORP_001,breakfast,high,48.9,
27-10-2024,CORP_001,lunch,medium,16.3,
27-10-2024,CORP_001,dinner,high,58.6,
28-10-2024,UNIV_001,breakfast,low,7.2,
28-10-2024,UNIV_001,lunch,low,4,
28-10-2024,UNIV_001,dinner,high,46.2,
28-10-2024,CORP_001,breakfast,high,48.4,
28-10-2024,CORP_001,lunch,low,4.9,
28-10-2024,CORP_001,dinner,medium,12.9,
29-10-2024,UNIV_001,breakfast,medium,20.3,
29-10-2024,UNIV_001,lunch,low,4.4,
29-10-2024,UNIV_001,dinner,medium,14.7,
29-10-2024,CORP_001,breakfast,medium,11.2,
29-10-2024,CORP_001,lunch,low,4.4,
29-10-2024,CORP_001,dinner,medium,13.2,
30-10-2024,UNIV_001,breakfast,medium,20.3,
30-10-2024,UNIV_001,lunch,medium,16.3,
30-10-2024,UNIV_001,dinner,medium,18.6,
30-10-2024,CORP_001,breakfast,medium,24.4,
30-10-2024,CORP_001,lunch,low,5,
30-10-2024,CORP_001,dinner,high,58,
31-10-2024,UNIV_001,breakfast,high,51.2,
31-10-2024,UNIV_001,lunch,low,5.1,
31-10-2024,UNIV_001,dinner,high,34.6,
31-10-2024,CORP_001,breakfast,medium,19,
31-10-2024,CORP_001,lunch,low,5.9,
31-10-2024,CORP_001,dinner,high,48.4,
01-11-2024,UNIV_001,breakfast,high,56.8,
01-11-2024,UNIV_001,lunch,high,30.6,
01-11-2024,UNIV_001,dinner,high,41.7,
01-11-2024,CORP_001,breakfast,high,48.2,
01-11-2024,CORP_001,lunch,high,34.2,
01-11-2024,CORP_001,dinner,medium,19.8,
02-11-2024,UNIV_001,breakfast,high,29.2,
02-11-2024,UNIV_001,lunch,medium,17.2,
02-11-2024,UNIV_001,dinner,high,44.5,
02-11-2024,CORP_001,breakfast,high,45.3,
02-11-2024,CORP_001,lunch,high,55.9,
02-11-2024,CORP_001,dinner,high,48.3,
03-11-2024,UNIV_001,breakfast,high,59.3,
03-11-2024,UNIV_001,lunch,high,43.9,
03-11-2024,UNIV_001,dinner,high,56.6,
03-11-2024,CORP_001,breakfast,high,35,
03-11-2024,CORP_001,lunch,medium,25,
03-11-2024,CORP_001,dinner,medium,9.3,
04-11-2024,UNIV_001,breakfast,medium,15.7,
04-11-2024,UNIV_001,lunch,low,4.3,
04-11-2024,UNIV_001,dinner,medium,21.2,
04-11-2024,CORP_001,breakfast,high,27,
04-11-2024,CORP_001,lunch,medium,8.2,
04-11-2024,CORP_001,dinner,high,50.5,
05-11-2024,UNIV_001,breakfast,low,2.1,
05-11-2024,UNIV_001,lunch,low,7,
05-11-2024,UNIV_001,dinner,medium,11.7,
05-11-2024,CORP_001,breakfast,high,25.5,
05-11-2024,CORP_001,lunch,low,2.4,
05-11-2024,CORP_001,dinner,low,4.6,
06-11-2024,UNIV_001,breakfast,medium,24,
06-11-2024,UNIV_001,lunch,low,3.5,
06-11-2024,UNIV_001,dinner,low,7.8,
06-11-2024,CORP_001,breakfast,high,52.3,
06-11-2024,CORP_001,lunch,low,6.1,
06-11-2024,CORP_001,dinner,low,7.4,
07-11-2024,UNIV_001,breakfast,medium,14.9,
07-11-2024,UNIV_001,lunch,medium,14.2,
07-11-2024,UNIV_001,dinner,medium,13.3,
07-11-2024,CORP_001,breakfast,medium,24.8,
07-11-2024,CORP_001,lunch,low,2.4,
07-11-2024,CORP_001,dinner,high,38.8,
08-11-2024,UNIV_001,breakfast,high,58.1,
08-11-2024,UNIV_001,lunch,low,5.6,
08-11-2024,UNIV_001,dinner,medium,24.8,
08-11-2024,CORP_001,breakfast,medium,20,
08-11-2024,CORP_001,lunch,medium,9.8,
08-11-2024,CORP_001,dinner,high,57.8,
09-11-2024,UNIV_001,breakfast,high,53.7,
09-11-2024,UNIV_001,lunch,medium,10.2,
09-11-2024,UNIV_001,dinner,low,2.7,
09-11-2024,CORP_001,breakfast,high,30,
09-11-2024,CORP_001,lunch,high,35.2,
09-11-2024,CORP_001,dinner,high,59.2,
10-11-2024,UNIV_001,breakfast,medium,23.6,
10-11-2024,UNIV_001,lunch,medium,20.3,
10-11-2024,UNIV_001,dinner,high,31.6,
10-11-2024,CORP_001,breakfast,high,50.3,
10-11-2024,CORP_001,lunch,high,43.7,
10-11-2024,CORP_001,dinner,medium,20,
11-11-2024,UNIV_001,breakfast,low,6.5,
11-11-2024,UNIV_001,lunch,low,5.9,
11-11-2024,UNIV_001,dinner,low,3,
11-11-2024,CORP_001,breakfast,medium,18.5,
11-11-2024,CORP_001,lunch,low,5.5,
11-11-2024,CORP_001,dinner,low,3.3,
12-11-2024,UNIV_001,breakfast,high,48,
12-11-2024,UNIV_001,lunch,low,3.4,
12-11-2024,UNIV_001,dinner,medium,15.5,
12-11-2024,CORP_001,breakfast,high,57.9,
12-11-2024,CORP_001,lunch,low,4.3,
12-11-2024,CORP_001,dinner,medium,23.4,
13-11-2024,UNIV_001,breakfast,high,57.1,
13-11-2024,UNIV_001,lunch,low,3.5,
13-11-2024,UNIV_001,dinner,medium,18.4,
13-11-2024,CORP_001,breakfast,high,43.2,
13-11-2024,CORP_001,lunch,low,7.8,
13-11-2024,CORP_001,dinner,medium,17.4,
14-11-2024,UNIV_001,breakfast,medium,21.1,
14-11-2024,UNIV_001,lunch,low,5.9,
14-11-2024,UNIV_001,dinner,low,4,
14-11-2024,CORP_001,breakfast,medium,20.1,
14-11-2024,CORP_001,lunch,high,39.3,
14-11-2024,CORP_001,dinner,high,31.9,
15-11-2024,UNIV_001,breakfast,medium,22,
15-11-2024,UNIV_001,lunch,medium,16.6,
15-11-2024,UNIV_001,dinner,high,28.3,
15-11-2024,CORP_001,breakfast,high,31.6,
15-11-2024,CORP_001,lunch,medium,19.5,
15-11-2024,CORP_001,dinner,high,45.2,
16-11-2024,UNIV_001,breakfast,low,6.3,
16-11-2024,UNIV_001,lunch,high,26.4,
16-11-2024,UNIV_001,dinner,high,44.1,
16-11-2024,CORP_001,breakfast,high,46.4,
16-11-2024,CORP_001,lunch,high,34.2,
16-11-2024,CORP_001,dinner,medium,15,
17-11-2024,UNIV_001,breakfast,high,30,
17-11-2024,UNIV_001,lunch,high,38.7,
17-11-2024,UNIV_001,dinner,high,53.7,
17-11-2024,CORP_001,breakfast,high,57.3,
17-11-2024,CORP_001,lunch,low,4.7,
17-11-2024,CORP_001,dinner,medium,14.9,
18-11-2024,UNIV_001,breakfast,medium,10.3,
18-11-2024,UNIV_001,lunch,medium,15.4,
18-11-2024,UNIV_001,dinner,medium,24.2,
18-11-2024,CORP_001,breakfast,high,37.3,
18-11-2024,CORP_001,lunch,low,4.8,
18-11-2024,CORP_001,dinner,medium,8.5,
19-11-2024,UNIV_001,breakfast,high,49.8,
19-11-2024,UNIV_001,lunch,medium,21.1,
19-11-2024,UNIV_001,dinner,high,43.4,
19-11-2024,CORP_001,breakfast,medium,8.6,
19-11-2024,CORP_001,lunch,low,7.1,
19-11-2024,CORP_001,dinner,medium,15.1,
20-11-2024,UNIV_001,breakfast,high,40.8,
20-11-2024,UNIV_001,lunch,medium,24.6,
20-11-2024,UNIV_001,dinner,high,52.6,
20-11-2024,CORP_001,breakfast,medium,13.4,
20-11-2024,CORP_001,lunch,medium,23.6,
20-11-2024,CORP_001,dinner,high,47.3,
21-11-2024,UNIV_001,breakfast,high,54.5,
21-11-2024,UNIV_001,lunch,high,25.7,
21-11-2024,UNIV_001,dinner,medium,23.5,
21-11-2024,CORP_001,breakfast,medium,12.7,
21-11-2024,CORP_001,lunch,medium,15.7,
21-11-2024,CORP_001,dinner,medium,11.2,
22-11-2024,UNIV_001,breakfast,low,3.7,
22-11-2024,UNIV_001,lunch,low,3.7,
22-11-2024,UNIV_001,dinner,high,34.7,
22-11-2024,CORP_001,breakfast,low,2.8,
22-11-2024,CORP_001,lunch,low,6.4,
22-11-2024,CORP_001,dinner,high,38.1,
23-11-2024,UNIV_001,breakfast,high,34,
23-11-2024,UNIV_001,lunch,high,50.9,
23-11-2024,UNIV_001,dinner,high,49.8,
23-11-2024,CORP_001,breakfast,medium,14.3,
23-11-2024,CORP_001,lunch,high,49.7,
23-11-2024,CORP_001,dinner,high,47.5,
24-11-2024,UNIV_001,breakfast,medium,11.5,
24-11-2024,UNIV_001,lunch,high,47.6,
24-11-2024,UNIV_001,dinner,high,39.5,
24-11-2024,CORP_001,breakfast,high,30.2,
24-11-2024,CORP_001,lunch,high,26.5,
24-11-2024,CORP_001,dinner,high,36.3,
25-11-2024,UNIV_001,breakfast,high,36.3,
25-11-2024,UNIV_001,lunch,medium,23.9,
25-11-2024,UNIV_001,dinner,low,6,
25-11-2024,CORP_001,breakfast,high,42,
25-11-2024,CORP_001,lunch,low,6.2,
25-11-2024,CORP_001,dinner,medium,10.4,
26-11-2024,UNIV_001,breakfast,high,26,
26-11-2024,UNIV_001,lunch,low,2.7,
26-11-2024,UNIV_001,dinner,medium,21.8,
26-11-2024,CORP_001,breakfast,medium,8.2,
26-11-2024,CORP_001,lunch,low,3.6,
26-11-2024,CORP_001,dinner,high,44.1,
27-11-2024,UNIV_001,breakfast,high,44.9,
27-11-2024,UNIV_001,lunch,high,32.3,
27-11-2024,UNIV_001,dinner,low,7,
27-11-2024,CORP_001,breakfast,low,2.8,
27-11-2024,CORP_001,lunch,low,2.1,
27-11-2024,CORP_001,dinner,high,39.4,
28-11-2024,UNIV_001,breakfast,high,49.3,
28-11-2024,UNIV_001,lunch,medium,8,
28-11-2024,UNIV_001,dinner,medium,15.4,
28-11-2024,CORP_001,breakfast,medium,10.7,
28-11-2024,CORP_001,lunch,low,2.6,
28-11-2024,CORP_001,dinner,high,50.6,
29-11-2024,UNIV_001,breakfast,medium,20.8,
29-11-2024,UNIV_001,lunch,medium,11.4,
29-11-2024,UNIV_001,dinner,high,47.5,
29-11-2024,CORP_001,breakfast,high,51.7,
29-11-2024,CORP_001,lunch,low,3.4,
29-11-2024,CORP_001,dinner,medium,13,
30-11-2024,UNIV_001,breakfast,high,53.7,
30-11-2024,UNIV_001,lunch,high,26.9,
30-11-2024,UNIV_001,dinner,high,46.6,
30-11-2024,CORP_001,breakfast,medium,18.7,
30-11-2024,CORP_001,lunch,high,31.2,
30-11-2024,CORP_001,dinner,medium,15.8,
01-12-2024,UNIV_001,breakfast,high,36.9,
01-12-2024,UNIV_001,lunch,high,57,
01-12-2024,UNIV_001,dinner,high,49.2,
01-12-2024,CORP_001,breakfast,low,2.9,
01-12-2024,CORP_001,lunch,high,52.1,
01-12-2024,CORP_001,dinner,high,49.3,
02-12-2024,UNIV_001,breakfast,high,53.7,
02-12-2024,UNIV_001,lunch,high,25.9,
02-12-2024,UNIV_001,dinner,medium,16.3,
02-12-2024,CORP_001,breakfast,low,5.1,
02-12-2024,CORP_001,lunch,medium,25,
02-12-2024,CORP_001,dinner,low,5.3,
03-12-2024,UNIV_001,breakfast,high,35.4,
03-12-2024,UNIV_001,lunch,low,3.7,
03-12-2024,UNIV_001,dinner,medium,9,
03-12-2024,CORP_001,breakfast,medium,14.2,
03-12-2024,CORP_001,lunch,low,7.3,
03-12-2024,CORP_001,dinner,low,7.4,
04-12-2024,UNIV_001,breakfast,medium,17.4,
04-12-2024,UNIV_001,lunch,high,46.8,
04-12-2024,UNIV_001,dinner,high,48.4,
04-12-2024,CORP_001,breakfast,medium,11.4,
04-12-2024,CORP_001,lunch,medium,24.7,
04-12-2024,CORP_001,dinner,medium,23.8,
05-12-2024,UNIV_001,breakfast,high,55,
05-12-2024,UNIV_001,lunch,medium,23.5,
05-12-2024,UNIV_001,dinner,high,46,
05-12-2024,CORP_001,breakfast,medium,8.7,
05-12-2024,CORP_001,lunch,medium,16.4,
05-12-2024,CORP_001,dinner,medium,16.8,
06-12-2024,UNIV_001,breakfast,high,34.5,
06-12-2024,UNIV_001,lunch,medium,18.8,
06-12-2024,UNIV_001,dinner,low,2.2,
06-12-2024,CORP_001,breakfast,medium,19.1,
06-12-2024,CORP_001,lunch,low,6.7,
06-12-2024,CORP_001,dinner,medium,23.4,
07-12-2024,UNIV_001,breakfast,high,38.3,
07-12-2024,UNIV_001,lunch,high,44,
07-12-2024,UNIV_001,dinner,high,53.5,
07-12-2024,CORP_001,breakfast,high,38.5,
07-12-2024,CORP_001,lunch,high,34.9,
07-12-2024,CORP_001,dinner,low,2.7,
08-12-2024,UNIV_001,breakfast,high,41.6,
08-12-2024,UNIV_001,lunch,high,31.4,
08-12-2024,UNIV_001,dinner,high,57.3,
08-12-2024,CORP_001,breakfast,high,51.2,
08-12-2024,CORP_001,lunch,high,56.5,
08-12-2024,CORP_001,dinner,high,53.1,
09-12-2024,UNIV_001,breakfast,medium,14,
09-12-2024,UNIV_001,lunch,high,25.4,
09-12-2024,UNIV_001,dinner,medium,18.8,
09-12-2024,CORP_001,breakfast,medium,8.4,
09-12-2024,CORP_001,lunch,low,6.3,
09-12-2024,CORP_001,dinner,medium,10.8,
10-12-2024,UNIV_001,breakfast,medium,12.2,
10-12-2024,UNIV_001,lunch,medium,18.3,
10-12-2024,UNIV_001,dinner,low,6.3,
10-12-2024,CORP_001,breakfast,medium,22,
10-12-2024,CORP_001,lunch,low,5.1,
10-12-2024,CORP_001,dinner,low,7.1,
11-12-2024,UNIV_001,breakfast,high,36.4,
11-12-2024,UNIV_001,lunch,low,7.9,
11-12-2024,UNIV_001,dinner,medium,11.6,
11-12-2024,CORP_001,breakfast,low,7.4,
11-12-2024,CORP_001,lunch,low,3.3,
11-12-2024,CORP_001,dinner,low,5.3,
12-12-2024,UNIV_001,breakfast,high,43.7,
12-12-2024,UNIV_001,lunch,medium,9.7,
12-12-2024,UNIV_001,dinner,medium,11.9,
12-12-2024,CORP_001,breakfast,high,58.2,
12-12-2024,CORP_001,lunch,low,4.4,
12-12-2024,CORP_001,dinner,medium,15.2,
13-12-2024,UNIV_001,breakfast,high,40.1,
13-12-2024,UNIV_001,lunch,low,6.8,
13-12-2024,UNIV_001,dinner,medium,16.1,
13-12-2024,CORP_001,breakfast,medium,18.4,
13-12-2024,CORP_001,lunch,low,2.3,
13-12-2024,CORP_001,dinner,medium,21.3,
14-12-2024,UNIV_001,breakfast,high,58.7,
14-12-2024,UNIV_001,lunch,medium,12.8,
14-12-2024,UNIV_001,dinner,high,50.4,
14-12-2024,CORP_001,breakfast,medium,16.5,
14-12-2024,CORP_001,lunch,medium,22.2,
14-12-2024,CORP_001,dinner,high,27.2,
15-12-2024,UNIV_001,breakfast,high,59.5,
15-12-2024,UNIV_001,lunch,medium,22.3,
15-12-2024,UNIV_001,dinner,medium,15,
15-12-2024,CORP_001,breakfast,high,39.3,
15-12-2024,CORP_001,lunch,high,45.7,
15-12-2024,CORP_001,dinner,medium,24.9,
16-12-2024,UNIV_001,breakfast,high,45.1,
16-12-2024,UNIV_001,lunch,medium,14.6,
16-12-2024,UNIV_001,dinner,low,6.7,
16-12-2024,CORP_001,breakfast,medium,10.6,
16-12-2024,CORP_001,lunch,low,2.7,
16-12-2024,CORP_001,dinner,low,5.1,
17-12-2024,UNIV_001,breakfast,medium,18.2,
17-12-2024,UNIV_001,lunch,medium,12.1,
17-12-2024,UNIV_001,dinner,medium,10.7,
17-12-2024,CORP_001,breakfast,medium,15.8,
17-12-2024,CORP_001,lunch,medium,24.6,
17-12-2024,CORP_001,dinner,high,27.6,
18-12-2024,UNIV_001,breakfast,medium,24.9,
18-12-2024,UNIV_001,lunch,low,5.8,
18-12-2024,UNIV_001,dinner,low,7.9,
18-12-2024,CORP_001,breakfast,medium,16.7,
18-12-2024,CORP_001,lunch,low,3,
18-12-2024,CORP_001,dinner,high,37.2,
19-12-2024,UNIV_001,breakfast,medium,19.8,
19-12-2024,UNIV_001,lunch,low,3.5,
19-12-2024,UNIV_001,dinner,medium,18.5,
19-12-2024,CORP_001,breakfast,low,5.9,
19-12-2024,CORP_001,lunch,medium,9.6,
19-12-2024,CORP_001,dinner,medium,22,
20-12-2024,UNIV_001,breakfast,medium,20.5,
20-12-2024,UNIV_001,lunch,low,3.4,
20-12-2024,UNIV_001,dinner,low,4,
20-12-2024,CORP_001,breakfast,medium,22.2,
20-12-2024,CORP_001,lunch,low,2.2,
20-12-2024,CORP_001,dinner,low,5.6,
21-12-2024,UNIV_001,breakfast,high,43.1,
21-12-2024,UNIV_001,lunch,medium,20.5,
21-12-2024,UNIV_001,dinner,high,46.8,
21-12-2024,CORP_001,breakfast,high,29.7,
21-12-2024,CORP_001,lunch,high,31.5,
21-12-2024,CORP_001,dinner,medium,16.6,
22-12-2024,UNIV_001,breakfast,high,46.4,
22-12-2024,UNIV_001,lunch,medium,18.9,
22-12-2024,UNIV_001,dinner,medium,8.3,
22-12-2024,CORP_001,breakfast,high,32.1,
22-12-2024,CORP_001,lunch,high,31.7,
22-12-2024,CORP_001,dinner,medium,18.2,
23-12-2024,UNIV_001,breakfast,high,46,
23-12-2024,UNIV_001,lunch,low,4.9,
23-12-2024,UNIV_001,dinner,medium,11.8,
23-12-2024,CORP_001,breakfast,medium,24.6,
23-12-2024,CORP_001,lunch,low,7.9,
23-12-2024,CORP_001,dinner,medium,18.3,
24-12-2024,UNIV_001,breakfast,medium,13.8,
24-12-2024,UNIV_001,lunch,medium,23,
24-12-2024,UNIV_001,dinner,low,2.5,
24-12-2024,CORP_001,breakfast,low,2.6,
24-12-2024,CORP_001,lunch,low,3.8,
24-12-2024,CORP_001,dinner,high,53.3,
25-12-2024,UNIV_001,breakfast,high,49.3,
25-12-2024,UNIV_001,lunch,medium,13.1,
25-12-2024,UNIV_001,dinner,medium,22,
25-12-2024,CORP_001,breakfast,high,51.3,
25-12-2024,CORP_001,lunch,high,50.1,
25-12-2024,CORP_001,dinner,medium,15.2,
26-12-2024,UNIV_001,breakfast,medium,9.8,
26-12-2024,UNIV_001,lunch,medium,21.8,
26-12-2024,UNIV_001,dinner,medium,24.1,
26-12-2024,CORP_001,breakfast,high,50.5,
26-12-2024,CORP_001,lunch,low,3,
26-12-2024,CORP_001,dinner,medium,9.5,
27-12-2024,UNIV_001,breakfast,medium,15.1,
27-12-2024,UNIV_001,lunch,low,2,
27-12-2024,UNIV_001,dinner,medium,22.1,
27-12-2024,CORP_001,breakfast,medium,19.9,
27-12-2024,CORP_001,lunch,medium,15.9,
27-12-2024,CORP_001,dinner,medium,9.1,
28-12-2024,UNIV_001,breakfast,medium,21,
28-12-2024,UNIV_001,lunch,low,4.8,
28-12-2024,UNIV_001,dinner,high,28.9,
28-12-2024,CORP_001,breakfast,high,45.6,
28-12-2024,CORP_001,lunch,medium,16.9,
28-12-2024,CORP_001,dinner,medium,11.8,
29-12-2024,UNIV_001,breakfast,medium,9.5,
29-12-2024,UNIV_001,lunch,medium,24.2,
29-12-2024,UNIV_001,dinner,medium,12.1,
29-12-2024,CORP_001,breakfast,medium,19.4,
29-12-2024,CORP_001,lunch,high,44,
29-12-2024,CORP_001,dinner,medium,17,
30-12-2024,UNIV_001,breakfast,high,51.5,
30-12-2024,UNIV_001,lunch,low,5.1,
30-12-2024,UNIV_001,dinner,medium,14.3,
30-12-2024,CORP_001,breakfast,high,30.9,
30-12-2024,CORP_001,lunch,medium,21.2,
30-12-2024,CORP_001,dinner,high,30.2,
31-12-2024,UNIV_001,breakfast,medium,17.5,
31-12-2024,UNIV_001,lunch,low,2.2,
31-12-2024,UNIV_001,dinner,low,5.9,
31-12-2024,CORP_001,breakfast,high,29.1,
31-12-2024,CORP_001,lunch,low,6.4,
31-12-2024,CORP_001,dinner,low,6.8,
