date,meal,menu_item,heaviness,base_demand_score,consecutive_weeks,sentiment_decay
01-01-2024,breakfast,Paratha with Sabzi,heavy,0.8,0,1
01-01-2024,lunch,Rice Dal Sabzi,heavy,0.92,0,1
01-01-2024,dinner,Noodles Chowmein,medium,0.82,0,1
02-01-2024,breakfast,Poha,light,0.82,0,1
02-01-2024,lunch,Rice Dal Sabzi,heavy,0.92,1,1
02-01-2024,dinner,Paratha Curd,medium,0.79,0,1
03-01-2024,breakfast,Luchi Alur Dom,heavy,0.85,0,1
03-01-2024,lunch,Fish Curry Rice,heavy,0.93,0,1
03-01-2024,dinner,Noodles Chowmein,medium,0.82,0,1
04-01-2024,breakfast,Puri Sabzi,heavy,0.83,0,1
04-01-2024,lunch,Rajma Chawal,heavy,0.88,0,1
04-01-2024,dinner,Dal Khichdi,light,0.72,0,1
05-01-2024,breakfast,Idli Sambar,light,0.9,0,1
05-01-2024,lunch,Khichdi,medium,0.78,0,1
05-01-2024,dinner,Roti Sabzi Dal,medium,0.8,0,1
06-01-2024,breakfast,Puri Sabzi,heavy,0.83,0,1
06-01-2024,lunch,Fish Curry Rice,heavy,0.93,0,1
06-01-2024,dinner,Dal Khichdi,light,0.72,0,1
07-01-2024,breakfast,Bread Omelette,medium,0.88,0,1
07-01-2024,lunch,Rajma Chawal,heavy,0.88,0,1
07-01-2024,dinner,Rice Fish Fry,heavy,0.87,0,1
08-01-2024,breakfast,Upma,light,0.75,0,1
08-01-2024,lunch,Rice Dal Sabzi,heavy,0.92,0,1
08-01-2024,dinner,Roti Sabzi Dal,medium,0.8,0,1
09-01-2024,breakfast,Paratha with Sabzi,heavy,0.8,0,1
09-01-2024,lunch,Chicken Curry Rice,heavy,0.95,0,1
09-01-2024,dinner,Paratha Curd,medium,0.79,0,1
10-01-2024,breakfast,Paratha with Sabzi,heavy,0.8,1,1
10-01-2024,lunch,Pulao Raita,medium,0.82,0,1
10-01-2024,dinner,Chapati Paneer,medium,0.85,0,1
11-01-2024,breakfast,Paratha with Sabzi,heavy,0.8,2,0.9
11-01-2024,lunch,Khichdi,medium,0.78,0,1
11-01-2024,dinner,Noodles Chowmein,medium,0.82,0,1
12-01-2024,breakfast,Bread Omelette,medium,0.88,0,1
12-01-2024,lunch,Fish Curry Rice,heavy,0.93,0,1
12-01-2024,dinner,Noodles Chowmein,medium,0.82,1,1
13-01-2024,breakfast,Paratha with Sabzi,heavy,0.8,0,1
13-01-2024,lunch,Pulao Raita,medium,0.82,0,1
13-01-2024,dinner,Paratha Curd,medium,0.79,0,1
14-01-2024,breakfast,Poha,light,0.82,0,1
14-01-2024,lunch,Chicken Curry Rice,heavy,0.95,0,1
14-01-2024,dinner,Noodles Chowmein,medium,0.82,0,1
15-01-2024,breakfast,Luchi Alur Dom,heavy,0.85,0,1
15-01-2024,lunch,Rice Dal Sabzi,heavy,0.92,0,1
15-01-2024,dinner,Fried Rice Manchurian,heavy,0.88,0,1
16-01-2024,breakfast,Bread Omelette,medium,0.88,0,1
16-01-2024,lunch,Pulao Raita,medium,0.82,0,1
16-01-2024,dinner,Noodles Chowmein,medium,0.82,0,1
17-01-2024,breakfast,Upma,light,0.75,0,1
17-01-2024,lunch,Biryani,heavy,0.9,0,1
17-01-2024,dinner,Chapati Paneer,medium,0.85,0,1
18-01-2024,breakfast,Idli Sambar,light,0.9,0,1
18-01-2024,lunch,Pulao Raita,medium,0.82,0,1
18-01-2024,dinner,Roti Sabzi Dal,medium,0.8,0,1
19-01-2024,breakfast,Puri Sabzi,heavy,0.83,0,1
19-01-2024,lunch,Fish Curry Rice,heavy,0.93,0,1
19-01-2024,dinner,Chapati Paneer,medium,0.85,0,1
20-01-2024,breakfast,Poha,light,0.82,0,1
20-01-2024,lunch,Fish Curry Rice,heavy,0.93,1,1
20-01-2024,dinner,Paratha Curd,medium,0.79,0,1
21-01-2024,breakfast,Puri Sabzi,heavy,0.83,0,1
21-01-2024,lunch,Biryani,heavy,0.9,0,1
21-01-2024,dinner,Fried Rice Manchurian,heavy,0.88,0,1
22-01-2024,breakfast,Poha,light,0.82,0,1
22-01-2024,lunch,Pulao Raita,medium,0.82,0,1
22-01-2024,dinner,Fried Rice Manchurian,heavy,0.88,1,1
23-01-2024,breakfast,Poha,light,0.82,1,1
23-01-2024,lunch,Rajma Chawal,heavy,0.88,0,1
23-01-2024,dinner,Noodles Chowmein,medium,0.82,0,1
24-01-2024,breakfast,Luchi Alur Dom,heavy,0.85,0,1
24-01-2024,lunch,Rajma Chawal,heavy,0.88,1,1
24-01-2024,dinner,Paratha Curd,medium,0.79,0,1
25-01-2024,breakfast,Paratha with Sabzi,heavy,0.8,0,1
25-01-2024,lunch,Chicken Curry Rice,heavy,0.95,0,1
25-01-2024,dinner,Paratha Curd,medium,0.79,1,1
26-01-2024,breakfast,Paratha with Sabzi,heavy,0.8,1,1
26-01-2024,lunch,Khichdi,medium,0.78,0,1
26-01-2024,dinner,Rice Fish Fry,heavy,0.87,0,1
27-01-2024,breakfast,Paratha with Sabzi,heavy,0.8,2,0.9
27-01-2024,lunch,Pulao Raita,medium,0.82,0,1
27-01-2024,dinner,Rice Fish Fry,heavy,0.87,1,1
28-01-2024,breakfast,Bread Omelette,medium,0.88,0,1
28-01-2024,lunch,Biryani,heavy,0.9,0,1
28-01-2024,dinner,Rice Fish Fry,heavy,0.87,2,0.9
29-01-2024,breakfast,Paratha with Sabzi,heavy,0.8,0,1
29-01-2024,lunch,Biryani,heavy,0.9,1,1
29-01-2024,dinner,Paratha Curd,medium,0.79,0,1
30-01-2024,breakfast,Paratha with Sabzi,heavy,0.8,1,1
30-01-2024,lunch,Rajma Chawal,heavy,0.88,0,1
30-01-2024,dinner,Chapati Paneer,medium,0.85,0,1
31-01-2024,breakfast,Upma,light,0.75,0,1
31-01-2024,lunch,Rice Dal Sabzi,heavy,0.92,0,1
31-01-2024,dinner,Paratha Curd,medium,0.79,0,1
01-02-2024,breakfast,Bread Omelette,medium,0.88,0,1
01-02-2024,lunch,Chicken Curry Rice,heavy,0.95,0,1
01-02-2024,dinner,Roti Sabzi Dal,medium,0.8,0,1
02-02-2024,breakfast,Paratha with Sabzi,heavy,0.8,0,1
02-02-2024,lunch,Fish Curry Rice,heavy,0.93,0,1
02-02-2024,dinner,Chapati Paneer,medium,0.85,0,1
03-02-2024,breakfast,Upma,light,0.75,0,1
03-02-2024,lunch,Biryani,heavy,0.9,0,1
03-02-2024,dinner,Fried Rice Manchurian,heavy,0.88,0,1
04-02-2024,breakfast,Poha,light,0.82,0,1
04-02-2024,lunch,Rajma Chawal,heavy,0.88,0,1
04-02-2024,dinner,Fried Rice Manchurian,heavy,0.88,1,1
05-02-2024,breakfast,Paratha with Sabzi,heavy,0.8,0,1
05-02-2024,lunch,Rice Dal Sabzi,heavy,0.92,0,1
05-02-2024,dinner,Noodles Chowmein,medium,0.82,0,1
06-02-2024,breakfast,Poha,light,0.82,0,1
06-02-2024,lunch,Fish Curry Rice,heavy,0.93,0,1
06-02-2024,dinner,Dal Khichdi,light,0.72,0,1
07-02-2024,breakfast,Upma,light,0.75,0,1
07-02-2024,lunch,Fish Curry Rice,heavy,0.93,1,1
07-02-2024,dinner,Paratha Curd,medium,0.79,0,1
08-02-2024,breakfast,Paratha with Sabzi,heavy,0.8,0,1
08-02-2024,lunch,Rice Dal Sabzi,heavy,0.92,0,1
08-02-2024,dinner,Fried Rice Manchurian,heavy,0.88,0,1
09-02-2024,breakfast,Luchi Alur Dom,heavy,0.85,0,1
09-02-2024,lunch,Fish Curry Rice,heavy,0.93,0,1
09-02-2024,dinner,Paratha Curd,medium,0.79,0,1
10-02-2024,breakfast,Luchi Alur Dom,heavy,0.85,1,1
10-02-2024,lunch,Rice Dal Sabzi,heavy,0.92,0,1
10-02-2024,dinner,Rice Fish Fry,heavy,0.87,0,1
11-02-2024,breakfast,Puri Sabzi,heavy,0.83,0,1
11-02-2024,lunch,Biryani,heavy,0.9,0,1
11-02-2024,dinner,Rice Fish Fry,heavy,0.87,1,1
12-02-2024,breakfast,Luchi Alur Dom,heavy,0.85,0,1
12-02-2024,lunch,Rice Dal Sabzi,heavy,0.92,0,1
12-02-2024,dinner,Paratha Curd,medium,0.79,0,1
13-02-2024,breakfast,Puri Sabzi,heavy,0.83,0,1
13-02-2024,lunch,Rice Dal Sabzi,heavy,0.92,1,1
13-02-2024,dinner,Paratha Curd,medium,0.79,1,1
14-02-2024,breakfast,Poha,light,0.82,0,1
14-02-2024,lunch,Pulao Raita,medium,0.82,0,1
14-02-2024,dinner,Rice Fish Fry,heavy,0.87,0,1
15-02-2024,breakfast,Bread Omelette,medium,0.88,0,1
15-02-2024,lunch,Fish Curry Rice,heavy,0.93,0,1
15-02-2024,dinner,Noodles Chowmein,medium,0.82,0,1
16-02-2024,breakfast,Luchi Alur Dom,heavy,0.85,0,1
16-02-2024,lunch,Rice Dal Sabzi,heavy,0.92,0,1
16-02-2024,dinner,Chapati Paneer,medium,0.85,0,1
17-02-2024,breakfast,Poha,light,0.82,0,1
17-02-2024,lunch,Chicken Curry Rice,heavy,0.95,0,1
17-02-2024,dinner,Noodles Chowmein,medium,0.82,0,1
18-02-2024,breakfast,Puri Sabzi,heavy,0.83,0,1
18-02-2024,lunch,Rice Dal Sabzi,heavy,0.92,0,1
18-02-2024,dinner,Noodles Chowmein,medium,0.82,1,1
19-02-2024,breakfast,Bread Omelette,medium,0.88,0,1
19-02-2024,lunch,Pulao Raita,medium,0.82,0,1
19-02-2024,dinner,Fried Rice Manchurian,heavy,0.88,0,1
20-02-2024,breakfast,Poha,light,0.82,0,1
20-02-2024,lunch,Khichdi,medium,0.78,0,1
20-02-2024,dinner,Paratha Curd,medium,0.79,0,1
21-02-2024,breakfast,Poha,light,0.82,1,1
21-02-2024,lunch,Fish Curry Rice,heavy,0.93,0,1
21-02-2024,dinner,Noodles Chowmein,medium,0.82,0,1
22-02-2024,breakfast,Puri Sabzi,heavy,0.83,0,1
22-02-2024,lunch,Fish Curry Rice,heavy,0.93,1,1
22-02-2024,dinner,Roti Sabzi Dal,medium,0.8,0,1
23-02-2024,breakfast,Puri Sabzi,heavy,0.83,1,1
23-02-2024,lunch,Rajma Chawal,heavy,0.88,0,1
23-02-2024,dinner,Noodles Chowmein,medium,0.82,0,1
24-02-2024,breakfast,Paratha with Sabzi,heavy,0.8,0,1
24-02-2024,lunch,Rajma Chawal,heavy,0.88,1,1
24-02-2024,dinner,Chapati Paneer,medium,0.85,0,1
25-02-2024,breakfast,Poha,light,0.82,0,1
25-02-2024,lunch,Rice Dal Sabzi,heavy,0.92,0,1
25-02-2024,dinner,Noodles Chowmein,medium,0.82,0,1
26-02-2024,breakfast,Puri Sabzi,heavy,0.83,0,1
26-02-2024,lunch,Rice Dal Sabzi,heavy,0.92,1,1
26-02-2024,dinner,Paratha Curd,medium,0.79,0,1
27-02-2024,breakfast,Idli Sambar,light,0.9,0,1
27-02-2024,lunch,Pulao Raita,medium,0.82,0,1
27-02-2024,dinner,Dal Khichdi,light,0.72,0,1
28-02-2024,breakfast,Bread Omelette,medium,0.88,0,1
28-02-2024,lunch,Rajma Chawal,heavy,0.88,0,1
28-02-2024,dinner,Paratha Curd,medium,0.79,0,1
29-02-2024,breakfast,Idli Sambar,light,0.9,0,1
29-02-2024,lunch,Biryani,heavy,0.9,0,1
29-02-2024,dinner,Noodles Chowmein,medium,0.82,0,1
01-03-2024,breakfast,Upma,light,0.75,0,1
01-03-2024,lunch,Khichdi,medium,0.78,0,1
01-03-2024,dinner,Dal Khichdi,light,0.72,0,1
02-03-2024,breakfast,Idli Sambar,light,0.9,0,1
02-03-2024,lunch,Khichdi,medium,0.78,1,1
02-03-2024,dinner,Roti Sabzi Dal,medium,0.8,0,1
03-03-2024,breakfast,Bread Omelette,medium,0.88,0,1
03-03-2024,lunch,Rice Dal Sabzi,heavy,0.92,0,1
03-03-2024,dinner,Chapati Paneer,medium,0.85,0,1
04-03-2024,breakfast,Idli Sambar,light,0.9,0,1
04-03-2024,lunch,Biryani,heavy,0.9,0,1
04-03-2024,dinner,Noodles Chowmein,medium,0.82,0,1
05-03-2024,breakfast,Idli Sambar,light,0.9,1,1
05-03-2024,lunch,Fish Curry Rice,heavy,0.93,0,1
05-03-2024,dinner,Fried Rice Manchurian,heavy,0.88,0,1
06-03-2024,breakfast,Idli Sambar,light,0.9,2,0.9
06-03-2024,lunch,Chicken Curry Rice,heavy,0.95,0,1
06-03-2024,dinner,Roti Sabzi Dal,medium,0.8,0,1
07-03-2024,breakfast,Poha,light,0.82,0,1
07-03-2024,lunch,Rajma Chawal,heavy,0.88,0,1
07-03-2024,dinner,Noodles Chowmein,medium,0.82,0,1
08-03-2024,breakfast,Bread Omelette,medium,0.88,0,1
08-03-2024,lunch,Biryani,heavy,0.9,0,1
08-03-2024,dinner,Paratha Curd,medium,0.79,0,1
09-03-2024,breakfast,Bread Omelette,medium,0.88,1,1
09-03-2024,lunch,Fish Curry Rice,heavy,0.93,0,1
09-03-2024,dinner,Roti Sabzi Dal,medium,0.8,0,1
10-03-2024,breakfast,Idli Sambar,light,0.9,0,1
10-03-2024,lunch,Biryani,heavy,0.9,0,1
10-03-2024,dinner,Chapati Paneer,medium,0.85,0,1
11-03-2024,breakfast,Bread Omelette,medium,0.88,0,1
11-03-2024,lunch,Fish Curry Rice,heavy,0.93,0,1
11-03-2024,dinner,Noodles Chowmein,medium,0.82,0,1
12-03-2024,breakfast,Upma,light,0.75,0,1
12-03-2024,lunch,Khichdi,medium,0.78,0,1
12-03-2024,dinner,Noodles Chowmein,medium,0.82,1,1
13-03-2024,breakfast,Puri Sabzi,heavy,0.83,0,1
13-03-2024,lunch,Rice Dal Sabzi,heavy,0.92,0,1
13-03-2024,dinner,Fried Rice Manchurian,heavy,0.88,0,1
14-03-2024,breakfast,Luchi Alur Dom,heavy,0.85,0,1
14-03-2024,lunch,Rajma Chawal,heavy,0.88,0,1
14-03-2024,dinner,Paratha Curd,medium,0.79,0,1
15-03-2024,breakfast,Paratha with Sabzi,heavy,0.8,0,1
15-03-2024,lunch,Pulao Raita,medium,0.82,0,1
15-03-2024,dinner,Roti Sabzi Dal,medium,0.8,0,1
16-03-2024,breakfast,Puri Sabzi,heavy,0.83,0,1
16-03-2024,lunch,Biryani,heavy,0.9,0,1
16-03-2024,dinner,Roti Sabzi Dal,medium,0.8,1,1
17-03-2024,breakfast,Bread Omelette,medium,0.88,0,1
17-03-2024,lunch,Chicken Curry Rice,heavy,0.95,0,1
17-03-2024,dinner,Fried Rice Manchurian,heavy,0.88,0,1
18-03-2024,breakfast,Idli Sambar,light,0.9,0,1
18-03-2024,lunch,Khichdi,medium,0.78,0,1
18-03-2024,dinner,Rice Fish Fry,heavy,0.87,0,1
19-03-2024,breakfast,Idli Sambar,light,0.9,1,1
19-03-2024,lunch,Rajma Chawal,heavy,0.88,0,1
19-03-2024,dinner,Noodles Chowmein,medium,0.82,0,1
20-03-2024,breakfast,Paratha with Sabzi,heavy,0.8,0,1
20-03-2024,lunch,Biryani,heavy,0.9,0,1
20-03-2024,dinner,Roti Sabzi Dal,medium,0.8,0,1
21-03-2024,breakfast,Paratha with Sabzi,heavy,0.8,1,1
21-03-2024,lunch,Rajma Chawal,heavy,0.88,0,1
21-03-2024,dinner,Fried Rice Manchurian,heavy,0.88,0,1
22-03-2024,breakfast,Bread Omelette,medium,0.88,0,1
22-03-2024,lunch,Rajma Chawal,heavy,0.88,1,1
22-03-2024,dinner,Roti Sabzi Dal,medium,0.8,0,1
23-03-2024,breakfast,Bread Omelette,medium,0.88,1,1
23-03-2024,lunch,Chicken Curry Rice,heavy,0.95,0,1
23-03-2024,dinner,Paratha Curd,medium,0.79,0,1
24-03-2024,breakfast,Bread Omelette,medium,0.88,2,0.9
24-03-2024,lunch,Khichdi,medium,0.78,0,1
24-03-2024,dinner,Rice Fish Fry,heavy,0.87,0,1
25-03-2024,breakfast,Luchi Alur Dom,heavy,0.85,0,1
25-03-2024,lunch,Rajma Chawal,heavy,0.88,0,1
25-03-2024,dinner,Paratha Curd,medium,0.79,0,1
26-03-2024,breakfast,Poha,light,0.82,0,1
26-03-2024,lunch,Khichdi,medium,0.78,0,1
26-03-2024,dinner,Paratha Curd,medium,0.79,1,1
27-03-2024,breakfast,Paratha with Sabzi,heavy,0.8,0,1
27-03-2024,lunch,Chicken Curry Rice,heavy,0.95,0,1
27-03-2024,dinner,Noodles Chowmein,medium,0.82,0,1
28-03-2024,breakfast,Idli Sambar,light,0.9,0,1
28-03-2024,lunch,Khichdi,medium,0.78,0,1
28-03-2024,dinner,Paratha Curd,medium,0.79,0,1
29-03-2024,breakfast,Idli Sambar,light,0.9,1,1
29-03-2024,lunch,Chicken Curry Rice,heavy,0.95,0,1
29-03-2024,dinner,Dal Khichdi,light,0.72,0,1
30-03-2024,breakfast,Paratha with Sabzi,heavy,0.8,0,1
30-03-2024,lunch,Khichdi,medium,0.78,0,1
30-03-2024,dinner,Chapati Paneer,medium,0.85,0,1
31-03-2024,breakfast,Poha,light,0.82,0,1
31-03-2024,lunch,Rice Dal Sabzi,heavy,0.92,0,1
31-03-2024,dinner,Noodles Chowmein,medium,0.82,0,1
01-04-2024,breakfast,Bread Omelette,medium,0.88,0,1
01-04-2024,lunch,Fish Curry Rice,heavy,0.93,0,1
01-04-2024,dinner,Fried Rice Manchurian,heavy,0.88,0,1
02-04-2024,breakfast,Upma,light,0.75,0,1
02-04-2024,lunch,Khichdi,medium,0.78,0,1
02-04-2024,dinner,Fried Rice Manchurian,heavy,0.88,1,1
03-04-2024,breakfast,Luchi Alur Dom,heavy,0.85,0,1
03-04-2024,lunch,Rice Dal Sabzi,heavy,0.92,0,1
03-04-2024,dinner,Noodles Chowmein,medium,0.82,0,1
04-04-2024,breakfast,Poha,light,0.82,0,1
04-04-2024,lunch,Fish Curry Rice,heavy,0.93,0,1
04-04-2024,dinner,Fried Rice Manchurian,heavy,0.88,0,1
05-04-2024,breakfast,Idli Sambar,light,0.9,0,1
05-04-2024,lunch,Fish Curry Rice,heavy,0.93,1,1
05-04-2024,dinner,Rice Fish Fry,heavy,0.87,0,1
06-04-2024,breakfast,Puri Sabzi,heavy,0.83,0,1
06-04-2024,lunch,Rice Dal Sabzi,heavy,0.92,0,1
06-04-2024,dinner,Noodles Chowmein,medium,0.82,0,1
07-04-2024,breakfast,Idli Sambar,light,0.9,0,1
07-04-2024,lunch,Biryani,heavy,0.9,0,1
07-04-2024,dinner,Noodles Chowmein,medium,0.82,1,1
08-04-2024,breakfast,Poha,light,0.82,0,1
08-04-2024,lunch,Pulao Raita,medium,0.82,0,1
08-04-2024,dinner,Roti Sabzi Dal,medium,0.8,0,1
09-04-2024,breakfast,Luchi Alur Dom,heavy,0.85,0,1
09-04-2024,lunch,Rajma Chawal,heavy,0.88,0,1
09-04-2024,dinner,Rice Fish Fry,heavy,0.87,0,1
10-04-2024,breakfast,Paratha with Sabzi,heavy,0.8,0,1
10-04-2024,lunch,Rice Dal Sabzi,heavy,0.92,0,1
10-04-2024,dinner,Roti Sabzi Dal,medium,0.8,0,1
11-04-2024,breakfast,Puri Sabzi,heavy,0.83,0,1
11-04-2024,lunch,Chicken Curry Rice,heavy,0.95,0,1
11-04-2024,dinner,Chapati Paneer,medium,0.85,0,1
12-04-2024,breakfast,Paratha with Sabzi,heavy,0.8,0,1
12-04-2024,lunch,Biryani,heavy,0.9,0,1
12-04-2024,dinner,Roti Sabzi Dal,medium,0.8,0,1
13-04-2024,breakfast,Bread Omelette,medium,0.88,0,1
13-04-2024,lunch,Rice Dal Sabzi,heavy,0.92,0,1
13-04-2024,dinner,Dal Khichdi,light,0.72,0,1
14-04-2024,breakfast,Paratha with Sabzi,heavy,0.8,0,1
14-04-2024,lunch,Fish Curry Rice,heavy,0.93,0,1
14-04-2024,dinner,Paratha Curd,medium,0.79,0,1
15-04-2024,breakfast,Poha,light,0.82,0,1
15-04-2024,lunch,Fish Curry Rice,heavy,0.93,1,1
15-04-2024,dinner,Chapati Paneer,medium,0.85,0,1
16-04-2024,breakfast,Idli Sambar,light,0.9,0,1
16-04-2024,lunch,Rajma Chawal,heavy,0.88,0,1
16-04-2024,dinner,Paratha Curd,medium,0.79,0,1
17-04-2024,breakfast,Poha,light,0.82,0,1
17-04-2024,lunch,Fish Curry Rice,heavy,0.93,0,1
17-04-2024,dinner,Noodles Chowmein,medium,0.82,0,1
18-04-2024,breakfast,Bread Omelette,medium,0.88,0,1
18-04-2024,lunch,Rice Dal Sabzi,heavy,0.92,0,1
18-04-2024,dinner,Rice Fish Fry,heavy,0.87,0,1
19-04-2024,breakfast,Puri Sabzi,heavy,0.83,0,1
19-04-2024,lunch,Chicken Curry Rice,heavy,0.95,0,1
19-04-2024,dinner,Noodles Chowmein,medium,0.82,0,1
20-04-2024,breakfast,Paratha with Sabzi,heavy,0.8,0,1
20-04-2024,lunch,Fish Curry Rice,heavy,0.93,0,1
20-04-2024,dinner,Roti Sabzi Dal,medium,0.8,0,1
21-04-2024,breakfast,Bread Omelette,medium,0.88,0,1
21-04-2024,lunch,Khichdi,medium,0.78,0,1
21-04-2024,dinner,Chapati Paneer,medium,0.85,0,1
22-04-2024,breakfast,Poha,light,0.82,0,1
22-04-2024,lunch,Khichdi,medium,0.78,1,1
22-04-2024,dinner,Paratha Curd,medium,0.79,0,1
23-04-2024,breakfast,Paratha with Sabzi,heavy,0.8,0,1
23-04-2024,lunch,Biryani,heavy,0.9,0,1
23-04-2024,dinner,Fried Rice Manchurian,heavy,0.88,0,1
24-04-2024,breakfast,Puri Sabzi,heavy,0.83,0,1
24-04-2024,lunch,Pulao Raita,medium,0.82,0,1
24-04-2024,dinner,Rice Fish Fry,heavy,0.87,0,1
25-04-2024,breakfast,Upma,light,0.75,0,1
25-04-2024,lunch,Fish Curry Rice,heavy,0.93,0,1
25-04-2024,dinner,Noodles Chowmein,medium,0.82,0,1
26-04-2024,breakfast,Luchi Alur Dom,heavy,0.85,0,1
26-04-2024,lunch,Khichdi,medium,0.78,0,1
26-04-2024,dinner,Roti Sabzi Dal,medium,0.8,0,1
27-04-2024,breakfast,Upma,light,0.75,0,1
27-04-2024,lunch,Khichdi,medium,0.78,1,1
27-04-2024,dinner,Noodles Chowmein,medium,0.82,0,1
28-04-2024,breakfast,Luchi Alur Dom,heavy,0.85,0,1
28-04-2024,lunch,Biryani,heavy,0.9,0,1
28-04-2024,dinner,Fried Rice Manchurian,heavy,0.88,0,1
29-04-2024,breakfast,Idli Sambar,light,0.9,0,1
29-04-2024,lunch,Rice Dal Sabzi,heavy,0.92,0,1
29-04-2024,dinner,Paratha Curd,medium,0.79,0,1
30-04-2024,breakfast,Bread Omelette,medium,0.88,0,1
30-04-2024,lunch,Biryani,heavy,0.9,0,1
30-04-2024,dinner,Chapati Paneer,medium,0.85,0,1
01-05-2024,breakfast,Bread Omelette,medium,0.88,1,1
01-05-2024,lunch,Rajma Chawal,heavy,0.88,0,1
01-05-2024,dinner,Rice Fish Fry,heavy,0.87,0,1
02-05-2024,breakfast,Puri Sabzi,heavy,0.83,0,1
02-05-2024,lunch,Fish Curry Rice,heavy,0.93,0,1
02-05-2024,dinner,Paratha Curd,medium,0.79,0,1
03-05-2024,breakfast,Upma,light,0.75,0,1
03-05-2024,lunch,Chicken Curry Rice,heavy,0.95,0,1
03-05-2024,dinner,Paratha Curd,medium,0.79,1,1
04-05-2024,breakfast,Luchi Alur Dom,heavy,0.85,0,1
04-05-2024,lunch,Khichdi,medium,0.78,0,1
04-05-2024,dinner,Chapati Paneer,medium,0.85,0,1
05-05-2024,breakfast,Puri Sabzi,heavy,0.83,0,1
05-05-2024,lunch,Pulao Raita,medium,0.82,0,1
05-05-2024,dinner,Dal Khichdi,light,0.72,0,1
06-05-2024,breakfast,Upma,light,0.75,0,1
06-05-2024,lunch,Biryani,heavy,0.9,0,1
06-05-2024,dinner,Roti Sabzi Dal,medium,0.8,0,1
07-05-2024,breakfast,Idli Sambar,light,0.9,0,1
07-05-2024,lunch,Chicken Curry Rice,heavy,0.95,0,1
07-05-2024,dinner,Noodles Chowmein,medium,0.82,0,1
08-05-2024,breakfast,Idli Sambar,light,0.9,1,1
08-05-2024,lunch,Pulao Raita,medium,0.82,0,1
08-05-2024,dinner,Noodles Chowmein,medium,0.82,1,1
09-05-2024,breakfast,Upma,light,0.75,0,1
09-05-2024,lunch,Rice Dal Sabzi,heavy,0.92,0,1
09-05-2024,dinner,Dal Khichdi,light,0.72,0,1
10-05-2024,breakfast,Puri Sabzi,heavy,0.83,0,1
10-05-2024,lunch,Fish Curry Rice,heavy,0.93,0,1
10-05-2024,dinner,Noodles Chowmein,medium,0.82,0,1
11-05-2024,breakfast,Upma,light,0.75,0,1
11-05-2024,lunch,Chicken Curry Rice,heavy,0.95,0,1
11-05-2024,dinner,Rice Fish Fry,heavy,0.87,0,1
12-05-2024,breakfast,Idli Sambar,light,0.9,0,1
12-05-2024,lunch,Rice Dal Sabzi,heavy,0.92,0,1
12-05-2024,dinner,Chapati Paneer,medium,0.85,0,1
13-05-2024,breakfast,Luchi Alur Dom,heavy,0.85,0,1
13-05-2024,lunch,Rice Dal Sabzi,heavy,0.92,1,1
13-05-2024,dinner,Roti Sabzi Dal,medium,0.8,0,1
14-05-2024,breakfast,Puri Sabzi,heavy,0.83,0,1
14-05-2024,lunch,Fish Curry Rice,heavy,0.93,0,1
14-05-2024,dinner,Paratha Curd,medium,0.79,0,1
15-05-2024,breakfast,Idli Sambar,light,0.9,0,1
15-05-2024,lunch,Biryani,heavy,0.9,0,1
15-05-2024,dinner,Rice Fish Fry,heavy,0.87,0,1
16-05-2024,breakfast,Bread Omelette,medium,0.88,0,1
16-05-2024,lunch,Rice Dal Sabzi,heavy,0.92,0,1
16-05-2024,dinner,Noodles Chowmein,medium,0.82,0,1
17-05-2024,breakfast,Paratha with Sabzi,heavy,0.8,0,1
17-05-2024,lunch,Rajma Chawal,heavy,0.88,0,1
17-05-2024,dinner,Noodles Chowmein,medium,0.82,1,1
18-05-2024,breakfast,Paratha with Sabzi,heavy,0.8,1,1
18-05-2024,lunch,Rice Dal Sabzi,heavy,0.92,0,1
18-05-2024,dinner,Dal Khichdi,light,0.72,0,1
19-05-2024,breakfast,Bread Omelette,medium,0.88,0,1
19-05-2024,lunch,Rice Dal Sabzi,heavy,0.92,1,1
19-05-2024,dinner,Paratha Curd,medium,0.79,0,1
20-05-2024,breakfast,Luchi Alur Dom,heavy,0.85,0,1
20-05-2024,lunch,Rajma Chawal,heavy,0.88,0,1
20-05-2024,dinner,Paratha Curd,medium,0.79,1,1
21-05-2024,breakfast,Paratha with Sabzi,heavy,0.8,0,1
21-05-2024,lunch,Rice Dal Sabzi,heavy,0.92,0,1
21-05-2024,dinner,Roti Sabzi Dal,medium,0.8,0,1
22-05-2024,breakfast,Idli Sambar,light,0.9,0,1
22-05-2024,lunch,Rice Dal Sabzi,heavy,0.92,1,1
22-05-2024,dinner,Noodles Chowmein,medium,0.82,0,1
23-05-2024,breakfast,Luchi Alur Dom,heavy,0.85,0,1
23-05-2024,lunch,Fish Curry Rice,heavy,0.93,0,1
23-05-2024,dinner,Paratha Curd,medium,0.79,0,1
24-05-2024,breakfast,Upma,light,0.75,0,1
24-05-2024,lunch,Rajma Chawal,heavy,0.88,0,1
24-05-2024,dinner,Chapati Paneer,medium,0.85,0,1
25-05-2024,breakfast,Poha,light,0.82,0,1
25-05-2024,lunch,Fish Curry Rice,heavy,0.93,0,1
25-05-2024,dinner,Chapati Paneer,medium,0.85,1,1
26-05-2024,breakfast,Luchi Alur Dom,heavy,0.85,0,1
26-05-2024,lunch,Pulao Raita,medium,0.82,0,1
26-05-2024,dinner,Rice Fish Fry,heavy,0.87,0,1
27-05-2024,breakfast,Paratha with Sabzi,heavy,0.8,0,1
27-05-2024,lunch,Biryani,heavy,0.9,0,1
27-05-2024,dinner,Chapati Paneer,medium,0.85,0,1
28-05-2024,breakfast,Upma,light,0.75,0,1
28-05-2024,lunch,Rajma Chawal,heavy,0.88,0,1
28-05-2024,dinner,Dal Khichdi,light,0.72,0,1
29-05-2024,breakfast,Luchi Alur Dom,heavy,0.85,0,1
29-05-2024,lunch,Biryani,heavy,0.9,0,1
29-05-2024,dinner,Rice Fish Fry,heavy,0.87,0,1
30-05-2024,breakfast,Luchi Alur Dom,heavy,0.85,1,1
30-05-2024,lunch,Chicken Curry Rice,heavy,0.95,0,1
30-05-2024,dinner,Dal Khichdi,light,0.72,0,1
31-05-2024,breakfast,Luchi Alur Dom,heavy,0.85,2,0.9
31-05-2024,lunch,Fish Curry Rice,heavy,0.93,0,1
31-05-2024,dinner,Fried Rice Manchurian,heavy,0.88,0,1
01-06-2024,breakfast,Luchi Alur Dom,heavy,0.85,3,0.8
01-06-2024,lunch,Chicken Curry Rice,heavy,0.95,0,1
01-06-2024,dinner,Paratha Curd,medium,0.79,0,1
02-06-2024,breakfast,Upma,light,0.75,0,1
02-06-2024,lunch,Pulao Raita,medium,0.82,0,1
02-06-2024,dinner,Rice Fish Fry,heavy,0.87,0,1
03-06-2024,breakfast,Luchi Alur Dom,heavy,0.85,0,1
03-06-2024,lunch,Fish Curry Rice,heavy,0.93,0,1
03-06-2024,dinner,Rice Fish Fry,heavy,0.87,1,1
04-06-2024,breakfast,Upma,light,0.75,0,1
04-06-2024,lunch,Rice Dal Sabzi,heavy,0.92,0,1
04-06-2024,dinner,Rice Fish Fry,heavy,0.87,2,0.9
05-06-2024,breakfast,Paratha with Sabzi,heavy,0.8,0,1
05-06-2024,lunch,Biryani,heavy,0.9,0,1
05-06-2024,dinner,Dal Khichdi,light,0.72,0,1
06-06-2024,breakfast,Bread Omelette,medium,0.88,0,1
06-06-2024,lunch,Biryani,heavy,0.9,1,1
06-06-2024,dinner,Chapati Paneer,medium,0.85,0,1
07-06-2024,breakfast,Bread Omelette,medium,0.88,1,1
07-06-2024,lunch,Khichdi,medium,0.78,0,1
07-06-2024,dinner,Paratha Curd,medium,0.79,0,1
08-06-2024,breakfast,Puri Sabzi,heavy,0.83,0,1
08-06-2024,lunch,Khichdi,medium,0.78,1,1
08-06-2024,dinner,Chapati Paneer,medium,0.85,0,1
09-06-2024,breakfast,Poha,light,0.82,0,1
09-06-2024,lunch,Biryani,heavy,0.9,0,1
09-06-2024,dinner,Fried Rice Manchurian,heavy,0.88,0,1
10-06-2024,breakfast,Upma,light,0.75,0,1
10-06-2024,lunch,Rice Dal Sabzi,heavy,0.92,0,1
10-06-2024,dinner,Paratha Curd,medium,0.79,0,1
11-06-2024,breakfast,Bread Omelette,medium,0.88,0,1
11-06-2024,lunch,Rajma Chawal,heavy,0.88,0,1
11-06-2024,dinner,Noodles Chowmein,medium,0.82,0,1
12-06-2024,breakfast,Puri Sabzi,heavy,0.83,0,1
12-06-2024,lunch,Rajma Chawal,heavy,0.88,1,1
12-06-2024,dinner,Noodles Chowmein,medium,0.82,1,1
13-06-2024,breakfast,Luchi Alur Dom,heavy,0.85,0,1
13-06-2024,lunch,Fish Curry Rice,heavy,0.93,0,1
13-06-2024,dinner,Fried Rice Manchurian,heavy,0.88,0,1
14-06-2024,breakfast,Upma,light,0.75,0,1
14-06-2024,lunch,Fish Curry Rice,heavy,0.93,1,1
14-06-2024,dinner,Noodles Chowmein,medium,0.82,0,1
15-06-2024,breakfast,Luchi Alur Dom,heavy,0.85,0,1
15-06-2024,lunch,Rice Dal Sabzi,heavy,0.92,0,1
15-06-2024,dinner,Noodles Chowmein,medium,0.82,1,1
16-06-2024,breakfast,Luchi Alur Dom,heavy,0.85,1,1
16-06-2024,lunch,Rice Dal Sabzi,heavy,0.92,1,1
16-06-2024,dinner,Roti Sabzi Dal,medium,0.8,0,1
17-06-2024,breakfast,Puri Sabzi,heavy,0.83,0,1
17-06-2024,lunch,Rajma Chawal,heavy,0.88,0,1
17-06-2024,dinner,Chapati Paneer,medium,0.85,0,1
18-06-2024,breakfast,Idli Sambar,light,0.9,0,1
18-06-2024,lunch,Biryani,heavy,0.9,0,1
18-06-2024,dinner,Dal Khichdi,light,0.72,0,1
19-06-2024,breakfast,Poha,light,0.82,0,1
19-06-2024,lunch,Chicken Curry Rice,heavy,0.95,0,1
19-06-2024,dinner,Fried Rice Manchurian,heavy,0.88,0,1
20-06-2024,breakfast,Luchi Alur Dom,heavy,0.85,0,1
20-06-2024,lunch,Rajma Chawal,heavy,0.88,0,1
20-06-2024,dinner,Dal Khichdi,light,0.72,0,1
21-06-2024,breakfast,Paratha with Sabzi,heavy,0.8,0,1
21-06-2024,lunch,Rice Dal Sabzi,heavy,0.92,0,1
21-06-2024,dinner,Roti Sabzi Dal,medium,0.8,0,1
22-06-2024,breakfast,Puri Sabzi,heavy,0.83,0,1
22-06-2024,lunch,Chicken Curry Rice,heavy,0.95,0,1
22-06-2024,dinner,Dal Khichdi,light,0.72,0,1
23-06-2024,breakfast,Poha,light,0.82,0,1
23-06-2024,lunch,Biryani,heavy,0.9,0,1
23-06-2024,dinner,Fried Rice Manchurian,heavy,0.88,0,1
24-06-2024,breakfast,Luchi Alur Dom,heavy,0.85,0,1
24-06-2024,lunch,Rajma Chawal,heavy,0.88,0,1
24-06-2024,dinner,Dal Khichdi,light,0.72,0,1
25-06-2024,breakfast,Poha,light,0.82,0,1
25-06-2024,lunch,Fish Curry Rice,heavy,0.93,0,1
25-06-2024,dinner,Roti Sabzi Dal,medium,0.8,0,1
26-06-2024,breakfast,Puri Sabzi,heavy,0.83,0,1
26-06-2024,lunch,Khichdi,medium,0.78,0,1
26-06-2024,dinner,Fried Rice Manchurian,heavy,0.88,0,1
27-06-2024,breakfast,Puri Sabzi,heavy,0.83,1,1
27-06-2024,lunch,Rajma Chawal,heavy,0.88,0,1
27-06-2024,dinner,Rice Fish Fry,heavy,0.87,0,1
28-06-2024,breakfast,Upma,light,0.75,0,1
28-06-2024,lunch,Khichdi,medium,0.78,0,1
28-06-2024,dinner,Noodles Chowmein,medium,0.82,0,1
29-06-2024,breakfast,Luchi Alur Dom,heavy,0.85,0,1
29-06-2024,lunch,Biryani,heavy,0.9,0,1
29-06-2024,dinner,Paratha Curd,medium,0.79,0,1
30-06-2024,breakfast,Paratha with Sabzi,heavy,0.8,0,1
30-06-2024,lunch,Biryani,heavy,0.9,1,1
30-06-2024,dinner,Chapati Paneer,medium,0.85,0,1
01-07-2024,breakfast,Bread Omelette,medium,0.88,0,1
01-07-2024,lunch,Rajma Chawal,heavy,0.88,0,1
01-07-2024,dinner,Paratha Curd,medium,0.79,0,1
02-07-2024,breakfast,Paratha with Sabzi,heavy,0.8,0,1
02-07-2024,lunch,Rice Dal Sabzi,heavy,0.92,0,1
02-07-2024,dinner,Fried Rice Manchurian,heavy,0.88,0,1
03-07-2024,breakfast,Puri Sabzi,heavy,0.83,0,1
03-07-2024,lunch,Rajma Chawal,heavy,0.88,0,1
03-07-2024,dinner,Fried Rice Manchurian,heavy,0.88,1,1
04-07-2024,breakfast,Upma,light,0.75,0,1
04-07-2024,lunch,Khichdi,medium,0.78,0,1
04-07-2024,dinner,Dal Khichdi,light,0.72,0,1
05-07-2024,breakfast,Puri Sabzi,heavy,0.83,0,1
05-07-2024,lunch,Chicken Curry Rice,heavy,0.95,0,1
05-07-2024,dinner,Dal Khichdi,light,0.72,1,1
06-07-2024,breakfast,Bread Omelette,medium,0.88,0,1
06-07-2024,lunch,Khichdi,medium,0.78,0,1
06-07-2024,dinner,Noodles Chowmein,medium,0.82,0,1
07-07-2024,breakfast,Upma,light,0.75,0,1
07-07-2024,lunch,Rajma Chawal,heavy,0.88,0,1
07-07-2024,dinner,Fried Rice Manchurian,heavy,0.88,0,1
08-07-2024,breakfast,Bread Omelette,medium,0.88,0,1
08-07-2024,lunch,Pulao Raita,medium,0.82,0,1
08-07-2024,dinner,Paratha Curd,medium,0.79,0,1
09-07-2024,breakfast,Luchi Alur Dom,heavy,0.85,0,1
09-07-2024,lunch,Chicken Curry Rice,heavy,0.95,0,1
09-07-2024,dinner,Roti Sabzi Dal,medium,0.8,0,1
10-07-2024,breakfast,Poha,light,0.82,0,1
10-07-2024,lunch,Khichdi,medium,0.78,0,1
10-07-2024,dinner,Fried Rice Manchurian,heavy,0.88,0,1
11-07-2024,breakfast,Bread Omelette,medium,0.88,0,1
11-07-2024,lunch,Khichdi,medium,0.78,1,1
11-07-2024,dinner,Noodles Chowmein,medium,0.82,0,1
12-07-2024,breakfast,Bread Omelette,medium,0.88,1,1
12-07-2024,lunch,Fish Curry Rice,heavy,0.93,0,1
12-07-2024,dinner,Rice Fish Fry,heavy,0.87,0,1
13-07-2024,breakfast,Idli Sambar,light,0.9,0,1
13-07-2024,lunch,Fish Curry Rice,heavy,0.93,1,1
13-07-2024,dinner,Noodles Chowmein,medium,0.82,0,1
14-07-2024,breakfast,Puri Sabzi,heavy,0.83,0,1
14-07-2024,lunch,Rajma Chawal,heavy,0.88,0,1
14-07-2024,dinner,Dal Khichdi,light,0.72,0,1
15-07-2024,breakfast,Paratha with Sabzi,heavy,0.8,0,1
15-07-2024,lunch,Fish Curry Rice,heavy,0.93,0,1
15-07-2024,dinner,Roti Sabzi Dal,medium,0.8,0,1
16-07-2024,breakfast,Paratha with Sabzi,heavy,0.8,1,1
16-07-2024,lunch,Rajma Chawal,heavy,0.88,0,1
16-07-2024,dinner,Paratha Curd,medium,0.79,0,1
17-07-2024,breakfast,Luchi Alur Dom,heavy,0.85,0,1
17-07-2024,lunch,Biryani,heavy,0.9,0,1
17-07-2024,dinner,Dal Khichdi,light,0.72,0,1
18-07-2024,breakfast,Paratha with Sabzi,heavy,0.8,0,1
18-07-2024,lunch,Fish Curry Rice,heavy,0.93,0,1
18-07-2024,dinner,Noodles Chowmein,medium,0.82,0,1
19-07-2024,breakfast,Poha,light,0.82,0,1
19-07-2024,lunch,Chicken Curry Rice,heavy,0.95,0,1
19-07-2024,dinner,Chapati Paneer,medium,0.85,0,1
20-07-2024,breakfast,Upma,light,0.75,0,1
20-07-2024,lunch,Fish Curry Rice,heavy,0.93,0,1
20-07-2024,dinner,Roti Sabzi Dal,medium,0.8,0,1
21-07-2024,breakfast,Upma,light,0.75,1,1
21-07-2024,lunch,Rice Dal Sabzi,heavy,0.92,0,1
21-07-2024,dinner,Dal Khichdi,light,0.72,0,1
22-07-2024,breakfast,Paratha with Sabzi,heavy,0.8,0,1
22-07-2024,lunch,Pulao Raita,medium,0.82,0,1
22-07-2024,dinner,Chapati Paneer,medium,0.85,0,1
23-07-2024,breakfast,Idli Sambar,light,0.9,0,1
23-07-2024,lunch,Chicken Curry Rice,heavy,0.95,0,1
23-07-2024,dinner,Chapati Paneer,medium,0.85,1,1
24-07-2024,breakfast,Puri Sabzi,heavy,0.83,0,1
24-07-2024,lunch,Pulao Raita,medium,0.82,0,1
24-07-2024,dinner,Chapati Paneer,medium,0.85,2,0.9
25-07-2024,breakfast,Bread Omelette,medium,0.88,0,1
25-07-2024,lunch,Rajma Chawal,heavy,0.88,0,1
25-07-2024,dinner,Paratha Curd,medium,0.79,0,1
26-07-2024,breakfast,Poha,light,0.82,0,1
26-07-2024,lunch,Biryani,heavy,0.9,0,1
26-07-2024,dinner,Chapati Paneer,medium,0.85,0,1
27-07-2024,breakfast,Poha,light,0.82,1,1
27-07-2024,lunch,Rice Dal Sabzi,heavy,0.92,0,1
27-07-2024,dinner,Noodles Chowmein,medium,0.82,0,1
28-07-2024,breakfast,Idli Sambar,light,0.9,0,1
28-07-2024,lunch,Khichdi,medium,0.78,0,1
28-07-2024,dinner,Roti Sabzi Dal,medium,0.8,0,1
29-07-2024,breakfast,Bread Omelette,medium,0.88,0,1
29-07-2024,lunch,Fish Curry Rice,heavy,0.93,0,1
29-07-2024,dinner,Noodles Chowmein,medium,0.82,0,1
30-07-2024,breakfast,Luchi Alur Dom,heavy,0.85,0,1
30-07-2024,lunch,Fish Curry Rice,heavy,0.93,1,1
30-07-2024,dinner,Rice Fish Fry,heavy,0.87,0,1
31-07-2024,breakfast,Bread Omelette,medium,0.88,0,1
31-07-2024,lunch,Rajma Chawal,heavy,0.88,0,1
31-07-2024,dinner,Noodles Chowmein,medium,0.82,0,1
01-08-2024,breakfast,Upma,light,0.75,0,1
01-08-2024,lunch,Chicken Curry Rice,heavy,0.95,0,1
01-08-2024,dinner,Dal Khichdi,light,0.72,0,1
02-08-2024,breakfast,Bread Omelette,medium,0.88,0,1
02-08-2024,lunch,Rice Dal Sabzi,heavy,0.92,0,1
02-08-2024,dinner,Roti Sabzi Dal,medium,0.8,0,1
03-08-2024,breakfast,Idli Sambar,light,0.9,0,1
03-08-2024,lunch,Khichdi,medium,0.78,0,1
03-08-2024,dinner,Noodles Chowmein,medium,0.82,0,1
04-08-2024,breakfast,Upma,light,0.75,0,1
04-08-2024,lunch,Fish Curry Rice,heavy,0.93,0,1
04-08-2024,dinner,Chapati Paneer,medium,0.85,0,1
05-08-2024,breakfast,Paratha with Sabzi,heavy,0.8,0,1
05-08-2024,lunch,Biryani,heavy,0.9,0,1
05-08-2024,dinner,Chapati Paneer,medium,0.85,1,1
06-08-2024,breakfast,Luchi Alur Dom,heavy,0.85,0,1
06-08-2024,lunch,Chicken Curry Rice,heavy,0.95,0,1
06-08-2024,dinner,Noodles Chowmein,medium,0.82,0,1
07-08-2024,breakfast,Upma,light,0.75,0,1
07-08-2024,lunch,Pulao Raita,medium,0.82,0,1
07-08-2024,dinner,Paratha Curd,medium,0.79,0,1
08-08-2024,breakfast,Poha,light,0.82,0,1
08-08-2024,lunch,Biryani,heavy,0.9,0,1
08-08-2024,dinner,Noodles Chowmein,medium,0.82,0,1
09-08-2024,breakfast,Upma,light,0.75,0,1
09-08-2024,lunch,Rice Dal Sabzi,heavy,0.92,0,1
09-08-2024,dinner,Chapati Paneer,medium,0.85,0,1
10-08-2024,breakfast,Upma,light,0.75,1,1
10-08-2024,lunch,Biryani,heavy,0.9,0,1
10-08-2024,dinner,Rice Fish Fry,heavy,0.87,0,1
11-08-2024,breakfast,Bread Omelette,medium,0.88,0,1
11-08-2024,lunch,Chicken Curry Rice,heavy,0.95,0,1
11-08-2024,dinner,Chapati Paneer,medium,0.85,0,1
12-08-2024,breakfast,Idli Sambar,light,0.9,0,1
12-08-2024,lunch,Rice Dal Sabzi,heavy,0.92,0,1
12-08-2024,dinner,Roti Sabzi Dal,medium,0.8,0,1
13-08-2024,breakfast,Upma,light,0.75,0,1
13-08-2024,lunch,Chicken Curry Rice,heavy,0.95,0,1
13-08-2024,dinner,Rice Fish Fry,heavy,0.87,0,1
14-08-2024,breakfast,Idli Sambar,light,0.9,0,1
14-08-2024,lunch,Pulao Raita,medium,0.82,0,1
14-08-2024,dinner,Fried Rice Manchurian,heavy,0.88,0,1
15-08-2024,breakfast,Idli Sambar,light,0.9,1,1
15-08-2024,lunch,Pulao Raita,medium,0.82,1,1
15-08-2024,dinner,Dal Khichdi,light,0.72,0,1
16-08-2024,breakfast,Paratha with Sabzi,heavy,0.8,0,1
16-08-2024,lunch,Khichdi,medium,0.78,0,1
16-08-2024,dinner,Rice Fish Fry,heavy,0.87,0,1
17-08-2024,breakfast,Bread Omelette,medium,0.88,0,1
17-08-2024,lunch,Rice Dal Sabzi,heavy,0.92,0,1
17-08-2024,dinner,Roti Sabzi Dal,medium,0.8,0,1
18-08-2024,breakfast,Poha,light,0.82,0,1
18-08-2024,lunch,Fish Curry Rice,heavy,0.93,0,1
18-08-2024,dinner,Chapati Paneer,medium,0.85,0,1
19-08-2024,breakfast,Upma,light,0.75,0,1
19-08-2024,lunch,Khichdi,medium,0.78,0,1
19-08-2024,dinner,Fried Rice Manchurian,heavy,0.88,0,1
20-08-2024,breakfast,Poha,light,0.82,0,1
20-08-2024,lunch,Rice Dal Sabzi,heavy,0.92,0,1
20-08-2024,dinner,Dal Khichdi,light,0.72,0,1
21-08-2024,breakfast,Poha,light,0.82,1,1
21-08-2024,lunch,Pulao Raita,medium,0.82,0,1
21-08-2024,dinner,Roti Sabzi Dal,medium,0.8,0,1
22-08-2024,breakfast,Luchi Alur Dom,heavy,0.85,0,1
22-08-2024,lunch,Chicken Curry Rice,heavy,0.95,0,1
22-08-2024,dinner,Fried Rice Manchurian,heavy,0.88,0,1
23-08-2024,breakfast,Paratha with Sabzi,heavy,0.8,0,1
23-08-2024,lunch,Pulao Raita,medium,0.82,0,1
23-08-2024,dinner,Fried Rice Manchurian,heavy,0.88,1,1
24-08-2024,breakfast,Paratha with Sabzi,heavy,0.8,1,1
24-08-2024,lunch,Khichdi,medium,0.78,0,1
24-08-2024,dinner,Rice Fish Fry,heavy,0.87,0,1
25-08-2024,breakfast,Upma,light,0.75,0,1
25-08-2024,lunch,Rice Dal Sabzi,heavy,0.92,0,1
25-08-2024,dinner,Rice Fish Fry,heavy,0.87,1,1
26-08-2024,breakfast,Luchi Alur Dom,heavy,0.85,0,1
26-08-2024,lunch,Rice Dal Sabzi,heavy,0.92,1,1
26-08-2024,dinner,Paratha Curd,medium,0.79,0,1
27-08-2024,breakfast,Luchi Alur Dom,heavy,0.85,1,1
27-08-2024,lunch,Fish Curry Rice,heavy,0.93,0,1
27-08-2024,dinner,Chapati Paneer,medium,0.85,0,1
28-08-2024,breakfast,Idli Sambar,light,0.9,0,1
28-08-2024,lunch,Pulao Raita,medium,0.82,0,1
28-08-2024,dinner,Roti Sabzi Dal,medium,0.8,0,1
29-08-2024,breakfast,Poha,light,0.82,0,1
29-08-2024,lunch,Pulao Raita,medium,0.82,1,1
29-08-2024,dinner,Rice Fish Fry,heavy,0.87,0,1
30-08-2024,breakfast,Puri Sabzi,heavy,0.83,0,1
30-08-2024,lunch,Rice Dal Sabzi,heavy,0.92,0,1
30-08-2024,dinner,Chapati Paneer,medium,0.85,0,1
31-08-2024,breakfast,Paratha with Sabzi,heavy,0.8,0,1
31-08-2024,lunch,Rajma Chawal,heavy,0.88,0,1
31-08-2024,dinner,Paratha Curd,medium,0.79,0,1
01-09-2024,breakfast,Paratha with Sabzi,heavy,0.8,1,1
01-09-2024,lunch,Rajma Chawal,heavy,0.88,1,1
01-09-2024,dinner,Fried Rice Manchurian,heavy,0.88,0,1
02-09-2024,breakfast,Bread Omelette,medium,0.88,0,1
02-09-2024,lunch,Fish Curry Rice,heavy,0.93,0,1
02-09-2024,dinner,Paratha Curd,medium,0.79,0,1
03-09-2024,breakfast,Poha,light,0.82,0,1
03-09-2024,lunch,Biryani,heavy,0.9,0,1
03-09-2024,dinner,Roti Sabzi Dal,medium,0.8,0,1
04-09-2024,breakfast,Paratha with Sabzi,heavy,0.8,0,1
04-09-2024,lunch,Chicken Curry Rice,heavy,0.95,0,1
04-09-2024,dinner,Fried Rice Manchurian,heavy,0.88,0,1
05-09-2024,breakfast,Upma,light,0.75,0,1
05-09-2024,lunch,Fish Curry Rice,heavy,0.93,0,1
05-09-2024,dinner,Rice Fish Fry,heavy,0.87,0,1
06-09-2024,breakfast,Luchi Alur Dom,heavy,0.85,0,1
06-09-2024,lunch,Khichdi,medium,0.78,0,1
06-09-2024,dinner,Noodles Chowmein,medium,0.82,0,1
07-09-2024,breakfast,Luchi Alur Dom,heavy,0.85,1,1
07-09-2024,lunch,Rajma Chawal,heavy,0.88,0,1
07-09-2024,dinner,Rice Fish Fry,heavy,0.87,0,1
08-09-2024,breakfast,Luchi Alur Dom,heavy,0.85,2,0.9
08-09-2024,lunch,Fish Curry Rice,heavy,0.93,0,1
08-09-2024,dinner,Rice Fish Fry,heavy,0.87,1,1
09-09-2024,breakfast,Paratha with Sabzi,heavy,0.8,0,1
09-09-2024,lunch,Pulao Raita,medium,0.82,0,1
09-09-2024,dinner,Dal Khichdi,light,0.72,0,1
10-09-2024,breakfast,Poha,light,0.82,0,1
10-09-2024,lunch,Fish Curry Rice,heavy,0.93,0,1
10-09-2024,dinner,Chapati Paneer,medium,0.85,0,1
11-09-2024,breakfast,Poha,light,0.82,1,1
11-09-2024,lunch,Fish Curry Rice,heavy,0.93,1,1
11-09-2024,dinner,Roti Sabzi Dal,medium,0.8,0,1
12-09-2024,breakfast,Bread Omelette,medium,0.88,0,1
12-09-2024,lunch,Khichdi,medium,0.78,0,1
12-09-2024,dinner,Rice Fish Fry,heavy,0.87,0,1
13-09-2024,breakfast,Luchi Alur Dom,heavy,0.85,0,1
13-09-2024,lunch,Khichdi,medium,0.78,1,1
13-09-2024,dinner,Fried Rice Manchurian,heavy,0.88,0,1
14-09-2024,breakfast,Paratha with Sabzi,heavy,0.8,0,1
14-09-2024,lunch,Chicken Curry Rice,heavy,0.95,0,1
14-09-2024,dinner,Chapati Paneer,medium,0.85,0,1
15-09-2024,breakfast,Upma,light,0.75,0,1
15-09-2024,lunch,Fish Curry Rice,heavy,0.93,0,1
15-09-2024,dinner,Fried Rice Manchurian,heavy,0.88,0,1
16-09-2024,breakfast,Puri Sabzi,heavy,0.83,0,1
16-09-2024,lunch,Pulao Raita,medium,0.82,0,1
16-09-2024,dinner,Paratha Curd,medium,0.79,0,1
17-09-2024,breakfast,Paratha with Sabzi,heavy,0.8,0,1
17-09-2024,lunch,Fish Curry Rice,heavy,0.93,0,1
17-09-2024,dinner,Paratha Curd,medium,0.79,1,1
18-09-2024,breakfast,Upma,light,0.75,0,1
18-09-2024,lunch,Rice Dal Sabzi,heavy,0.92,0,1
18-09-2024,dinner,Roti Sabzi Dal,medium,0.8,0,1
19-09-2024,breakfast,Bread Omelette,medium,0.88,0,1
19-09-2024,lunch,Pulao Raita,medium,0.82,0,1
19-09-2024,dinner,Rice Fish Fry,heavy,0.87,0,1
20-09-2024,breakfast,Bread Omelette,medium,0.88,1,1
20-09-2024,lunch,Rice Dal Sabzi,heavy,0.92,0,1
20-09-2024,dinner,Noodles Chowmein,medium,0.82,0,1
21-09-2024,breakfast,Upma,light,0.75,0,1
21-09-2024,lunch,Biryani,heavy,0.9,0,1
21-09-2024,dinner,Dal Khichdi,light,0.72,0,1
22-09-2024,breakfast,Puri Sabzi,heavy,0.83,0,1
22-09-2024,lunch,Chicken Curry Rice,heavy,0.95,0,1
22-09-2024,dinner,Rice Fish Fry,heavy,0.87,0,1
23-09-2024,breakfast,Idli Sambar,light,0.9,0,1
23-09-2024,lunch,Khichdi,medium,0.78,0,1
23-09-2024,dinner,Rice Fish Fry,heavy,0.87,1,1
24-09-2024,breakfast,Poha,light,0.82,0,1
24-09-2024,lunch,Khichdi,medium,0.78,1,1
24-09-2024,dinner,Chapati Paneer,medium,0.85,0,1
25-09-2024,breakfast,Puri Sabzi,heavy,0.83,0,1
25-09-2024,lunch,Fish Curry Rice,heavy,0.93,0,1
25-09-2024,dinner,Fried Rice Manchurian,heavy,0.88,0,1
26-09-2024,breakfast,Poha,light,0.82,0,1
26-09-2024,lunch,Khichdi,medium,0.78,0,1
26-09-2024,dinner,Chapati Paneer,medium,0.85,0,1
27-09-2024,breakfast,Upma,light,0.75,0,1
27-09-2024,lunch,Pulao Raita,medium,0.82,0,1
27-09-2024,dinner,Fried Rice Manchurian,heavy,0.88,0,1
28-09-2024,breakfast,Puri Sabzi,heavy,0.83,0,1
28-09-2024,lunch,Rice Dal Sabzi,heavy,0.92,0,1
28-09-2024,dinner,Fried Rice Manchurian,heavy,0.88,1,1
29-09-2024,breakfast,Paratha with Sabzi,heavy,0.8,0,1
29-09-2024,lunch,Pulao Raita,medium,0.82,0,1
29-09-2024,dinner,Noodles Chowmein,medium,0.82,0,1
30-09-2024,breakfast,Paratha with Sabzi,heavy,0.8,1,1
30-09-2024,lunch,Biryani,heavy,0.9,0,1
30-09-2024,dinner,Noodles Chowmein,medium,0.82,1,1
01-10-2024,breakfast,Luchi Alur Dom,heavy,0.85,0,1
01-10-2024,lunch,Pulao Raita,medium,0.82,0,1
01-10-2024,dinner,Dal Khichdi,light,0.72,0,1
02-10-2024,breakfast,Bread Omelette,medium,0.88,0,1
02-10-2024,lunch,Pulao Raita,medium,0.82,1,1
02-10-2024,dinner,Chapati Paneer,medium,0.85,0,1
03-10-2024,breakfast,Puri Sabzi,heavy,0.83,0,1
03-10-2024,lunch,Rajma Chawal,heavy,0.88,0,1
03-10-2024,dinner,Noodles Chowmein,medium,0.82,0,1
04-10-2024,breakfast,Paratha with Sabzi,heavy,0.8,0,1
04-10-2024,lunch,Pulao Raita,medium,0.82,0,1
04-10-2024,dinner,Chapati Paneer,medium,0.85,0,1
05-10-2024,breakfast,Paratha with Sabzi,heavy,0.8,1,1
05-10-2024,lunch,Rice Dal Sabzi,heavy,0.92,0,1
05-10-2024,dinner,Rice Fish Fry,heavy,0.87,0,1
06-10-2024,breakfast,Bread Omelette,medium,0.88,0,1
06-10-2024,lunch,Rajma Chawal,heavy,0.88,0,1
06-10-2024,dinner,Paratha Curd,medium,0.79,0,1
07-10-2024,breakfast,Luchi Alur Dom,heavy,0.85,0,1
07-10-2024,lunch,Rajma Chawal,heavy,0.88,1,1
07-10-2024,dinner,Fried Rice Manchurian,heavy,0.88,0,1
08-10-2024,breakfast,Puri Sabzi,heavy,0.83,0,1
08-10-2024,lunch,Khichdi,medium,0.78,0,1
08-10-2024,dinner,Rice Fish Fry,heavy,0.87,0,1
09-10-2024,breakfast,Poha,light,0.82,0,1
09-10-2024,lunch,Biryani,heavy,0.9,0,1
09-10-2024,dinner,Rice Fish Fry,heavy,0.87,1,1
10-10-2024,breakfast,Upma,light,0.75,0,1
10-10-2024,lunch,Fish Curry Rice,heavy,0.93,0,1
10-10-2024,dinner,Chapati Paneer,medium,0.85,0,1
11-10-2024,breakfast,Bread Omelette,medium,0.88,0,1
11-10-2024,lunch,Khichdi,medium,0.78,0,1
11-10-2024,dinner,Chapati Paneer,medium,0.85,1,1
12-10-2024,breakfast,Paratha with Sabzi,heavy,0.8,0,1
12-10-2024,lunch,Rajma Chawal,heavy,0.88,0,1
12-10-2024,dinner,Dal Khichdi,light,0.72,0,1
13-10-2024,breakfast,Luchi Alur Dom,heavy,0.85,0,1
13-10-2024,lunch,Chicken Curry Rice,heavy,0.95,0,1
13-10-2024,dinner,Fried Rice Manchurian,heavy,0.88,0,1
14-10-2024,breakfast,Idli Sambar,light,0.9,0,1
14-10-2024,lunch,Fish Curry Rice,heavy,0.93,0,1
14-10-2024,dinner,Dal Khichdi,light,0.72,0,1
15-10-2024,breakfast,Poha,light,0.82,0,1
15-10-2024,lunch,Rajma Chawal,heavy,0.88,0,1
15-10-2024,dinner,Chapati Paneer,medium,0.85,0,1
16-10-2024,breakfast,Upma,light,0.75,0,1
16-10-2024,lunch,Fish Curry Rice,heavy,0.93,0,1
16-10-2024,dinner,Paratha Curd,medium,0.79,0,1
17-10-2024,breakfast,Poha,light,0.82,0,1
17-10-2024,lunch,Rice Dal Sabzi,heavy,0.92,0,1
17-10-2024,dinner,Noodles Chowmein,medium,0.82,0,1
18-10-2024,breakfast,Idli Sambar,light,0.9,0,1
18-10-2024,lunch,Rajma Chawal,heavy,0.88,0,1
18-10-2024,dinner,Roti Sabzi Dal,medium,0.8,0,1
19-10-2024,breakfast,Paratha with Sabzi,heavy,0.8,0,1
19-10-2024,lunch,Khichdi,medium,0.78,0,1
19-10-2024,dinner,Fried Rice Manchurian,heavy,0.88,0,1
20-10-2024,breakfast,Upma,light,0.75,0,1
20-10-2024,lunch,Chicken Curry Rice,heavy,0.95,0,1
20-10-2024,dinner,Noodles Chowmein,medium,0.82,0,1
21-10-2024,breakfast,Poha,light,0.82,0,1
21-10-2024,lunch,Fish Curry Rice,heavy,0.93,0,1
21-10-2024,dinner,Chapati Paneer,medium,0.85,0,1
22-10-2024,breakfast,Paratha with Sabzi,heavy,0.8,0,1
22-10-2024,lunch,Rice Dal Sabzi,heavy,0.92,0,1
22-10-2024,dinner,Chapati Paneer,medium,0.85,1,1
23-10-2024,breakfast,Poha,light,0.82,0,1
23-10-2024,lunch,Pulao Raita,medium,0.82,0,1
23-10-2024,dinner,Paratha Curd,medium,0.79,0,1
24-10-2024,breakfast,Upma,light,0.75,0,1
24-10-2024,lunch,Khichdi,medium,0.78,0,1
24-10-2024,dinner,Noodles Chowmein,medium,0.82,0,1
25-10-2024,breakfast,Paratha with Sabzi,heavy,0.8,0,1
25-10-2024,lunch,Pulao Raita,medium,0.82,0,1
25-10-2024,dinner,Noodles Chowmein,medium,0.82,1,1
26-10-2024,breakfast,Bread Omelette,medium,0.88,0,1
26-10-2024,lunch,Rice Dal Sabzi,heavy,0.92,0,1
26-10-2024,dinner,Rice Fish Fry,heavy,0.87,0,1
27-10-2024,breakfast,Bread Omelette,medium,0.88,1,1
27-10-2024,lunch,Khichdi,medium,0.78,0,1
27-10-2024,dinner,Rice Fish Fry,heavy,0.87,1,1
28-10-2024,breakfast,Idli Sambar,light,0.9,0,1
28-10-2024,lunch,Pulao Raita,medium,0.82,0,1
28-10-2024,dinner,Roti Sabzi Dal,medium,0.8,0,1
29-10-2024,breakfast,Idli Sambar,light,0.9,1,1
29-10-2024,lunch,Rice Dal Sabzi,heavy,0.92,0,1
29-10-2024,dinner,Dal Khichdi,light,0.72,0,1
30-10-2024,breakfast,Puri Sabzi,heavy,0.83,0,1
30-10-2024,lunch,Chicken Curry Rice,heavy,0.95,0,1
30-10-2024,dinner,Dal Khichdi,light,0.72,1,1
31-10-2024,breakfast,Idli Sambar,light,0.9,0,1
31-10-2024,lunch,Pulao Raita,medium,0.82,0,1
31-10-2024,dinner,Dal Khichdi,light,0.72,2,0.9
01-11-2024,breakfast,Upma,light,0.75,0,1
01-11-2024,lunch,Rice Dal Sabzi,heavy,0.92,0,1
01-11-2024,dinner,Paratha Curd,medium,0.79,0,1
02-11-2024,breakfast,Poha,light,0.82,0,1
02-11-2024,lunch,Biryani,heavy,0.9,0,1
02-11-2024,dinner,Dal Khichdi,light,0.72,0,1
03-11-2024,breakfast,Paratha with Sabzi,heavy,0.8,0,1
03-11-2024,lunch,Pulao Raita,medium,0.82,0,1
03-11-2024,dinner,Roti Sabzi Dal,medium,0.8,0,1
04-11-2024,breakfast,Poha,light,0.82,0,1
04-11-2024,lunch,Fish Curry Rice,heavy,0.93,0,1
04-11-2024,dinner,Roti Sabzi Dal,medium,0.8,1,1
05-11-2024,breakfast,Paratha with Sabzi,heavy,0.8,0,1
05-11-2024,lunch,Rice Dal Sabzi,heavy,0.92,0,1
05-11-2024,dinner,Rice Fish Fry,heavy,0.87,0,1
06-11-2024,breakfast,Idli Sambar,light,0.9,0,1
06-11-2024,lunch,Fish Curry Rice,heavy,0.93,0,1
06-11-2024,dinner,Chapati Paneer,medium,0.85,0,1
07-11-2024,breakfast,Idli Sambar,light,0.9,1,1
07-11-2024,lunch,Khichdi,medium,0.78,0,1
07-11-2024,dinner,Roti Sabzi Dal,medium,0.8,0,1
08-11-2024,breakfast,Puri Sabzi,heavy,0.83,0,1
08-11-2024,lunch,Khichdi,medium,0.78,1,1
08-11-2024,dinner,Noodles Chowmein,medium,0.82,0,1
09-11-2024,breakfast,Poha,light,0.82,0,1
09-11-2024,lunch,Pulao Raita,medium,0.82,0,1
09-11-2024,dinner,Fried Rice Manchurian,heavy,0.88,0,1
10-11-2024,breakfast,Luchi Alur Dom,heavy,0.85,0,1
10-11-2024,lunch,Chicken Curry Rice,heavy,0.95,0,1
10-11-2024,dinner,Dal Khichdi,light,0.72,0,1
11-11-2024,breakfast,Luchi Alur Dom,heavy,0.85,1,1
11-11-2024,lunch,Fish Curry Rice,heavy,0.93,0,1
11-11-2024,dinner,Paratha Curd,medium,0.79,0,1
12-11-2024,breakfast,Upma,light,0.75,0,1
12-11-2024,lunch,Fish Curry Rice,heavy,0.93,1,1
12-11-2024,dinner,Roti Sabzi Dal,medium,0.8,0,1
13-11-2024,breakfast,Upma,light,0.75,1,1
13-11-2024,lunch,Rajma Chawal,heavy,0.88,0,1
13-11-2024,dinner,Roti Sabzi Dal,medium,0.8,1,1
14-11-2024,breakfast,Luchi Alur Dom,heavy,0.85,0,1
14-11-2024,lunch,Pulao Raita,medium,0.82,0,1
14-11-2024,dinner,Noodles Chowmein,medium,0.82,0,1
15-11-2024,breakfast,Upma,light,0.75,0,1
15-11-2024,lunch,Pulao Raita,medium,0.82,1,1
15-11-2024,dinner,Rice Fish Fry,heavy,0.87,0,1
16-11-2024,breakfast,Bread Omelette,medium,0.88,0,1
16-11-2024,lunch,Biryani,heavy,0.9,0,1
16-11-2024,dinner,Chapati Paneer,medium,0.85,0,1
17-11-2024,breakfast,Idli Sambar,light,0.9,0,1
17-11-2024,lunch,Khichdi,medium,0.78,0,1
17-11-2024,dinner,Noodles Chowmein,medium,0.82,0,1
18-11-2024,breakfast,Puri Sabzi,heavy,0.83,0,1
18-11-2024,lunch,Biryani,heavy,0.9,0,1
18-11-2024,dinner,Noodles Chowmein,medium,0.82,1,1
19-11-2024,breakfast,Poha,light,0.82,0,1
19-11-2024,lunch,Fish Curry Rice,heavy,0.93,0,1
19-11-2024,dinner,Noodles Chowmein,medium,0.82,2,0.9
20-11-2024,breakfast,Paratha with Sabzi,heavy,0.8,0,1
20-11-2024,lunch,Fish Curry Rice,heavy,0.93,1,1
20-11-2024,dinner,Roti Sabzi Dal,medium,0.8,0,1
21-11-2024,breakfast,Idli Sambar,light,0.9,0,1
21-11-2024,lunch,Fish Curry Rice,heavy,0.93,2,0.9
21-11-2024,dinner,Noodles Chowmein,medium,0.82,0,1
22-11-2024,breakfast,Puri Sabzi,heavy,0.83,0,1
22-11-2024,lunch,Rajma Chawal,heavy,0.88,0,1
22-11-2024,dinner,Dal Khichdi,light,0.72,0,1
23-11-2024,breakfast,Bread Omelette,medium,0.88,0,1
23-11-2024,lunch,Rajma Chawal,heavy,0.88,1,1
23-11-2024,dinner,Roti Sabzi Dal,medium,0.8,0,1
24-11-2024,breakfast,Paratha with Sabzi,heavy,0.8,0,1
24-11-2024,lunch,Biryani,heavy,0.9,0,1
24-11-2024,dinner,Rice Fish Fry,heavy,0.87,0,1
25-11-2024,breakfast,Luchi Alur Dom,heavy,0.85,0,1
25-11-2024,lunch,Rice Dal Sabzi,heavy,0.92,0,1
25-11-2024,dinner,Fried Rice Manchurian,heavy,0.88,0,1
26-11-2024,breakfast,Puri Sabzi,heavy,0.83,0,1
26-11-2024,lunch,Biryani,heavy,0.9,0,1
26-11-2024,dinner,Rice Fish Fry,heavy,0.87,0,1
27-11-2024,breakfast,Paratha with Sabzi,heavy,0.8,0,1
27-11-2024,lunch,Rajma Chawal,heavy,0.88,0,1
27-11-2024,dinner,Fried Rice Manchurian,heavy,0.88,0,1
28-11-2024,breakfast,Paratha with Sabzi,heavy,0.8,1,1
28-11-2024,lunch,Fish Curry Rice,heavy,0.93,0,1
28-11-2024,dinner,Roti Sabzi Dal,medium,0.8,0,1
29-11-2024,breakfast,Luchi Alur Dom,heavy,0.85,0,1
29-11-2024,lunch,Chicken Curry Rice,heavy,0.95,0,1
29-11-2024,dinner,Roti Sabzi Dal,medium,0.8,1,1
30-11-2024,breakfast,Luchi Alur Dom,heavy,0.85,1,1
30-11-2024,lunch,Biryani,heavy,0.9,0,1
30-11-2024,dinner,Dal Khichdi,light,0.72,0,1
01-12-2024,breakfast,Bread Omelette,medium,0.88,0,1
01-12-2024,lunch,Fish Curry Rice,heavy,0.93,0,1
01-12-2024,dinner,Chapati Paneer,medium,0.85,0,1
02-12-2024,breakfast,Puri Sabzi,heavy,0.83,0,1
02-12-2024,lunch,Biryani,heavy,0.9,0,1
02-12-2024,dinner,Roti Sabzi Dal,medium,0.8,0,1
03-12-2024,breakfast,Poha,light,0.82,0,1
03-12-2024,lunch,Rice Dal Sabzi,heavy,0.92,0,1
03-12-2024,dinner,Chapati Paneer,medium,0.85,0,1
04-12-2024,breakfast,Bread Omelette,medium,0.88,0,1
04-12-2024,lunch,Pulao Raita,medium,0.82,0,1
04-12-2024,dinner,Rice Fish Fry,heavy,0.87,0,1
05-12-2024,breakfast,Poha,light,0.82,0,1
05-12-2024,lunch,Pulao Raita,medium,0.82,1,1
05-12-2024,dinner,Roti Sabzi Dal,medium,0.8,0,1
06-12-2024,breakfast,Paratha with Sabzi,heavy,0.8,0,1
06-12-2024,lunch,Biryani,heavy,0.9,0,1
06-12-2024,dinner,Chapati Paneer,medium,0.85,0,1
07-12-2024,breakfast,Idli Sambar,light,0.9,0,1
07-12-2024,lunch,Pulao Raita,medium,0.82,0,1
07-12-2024,dinner,Noodles Chowmein,medium,0.82,0,1
08-12-2024,breakfast,Poha,light,0.82,0,1
08-12-2024,lunch,Biryani,heavy,0.9,0,1
08-12-2024,dinner,Dal Khichdi,light,0.72,0,1
09-12-2024,breakfast,Puri Sabzi,heavy,0.83,0,1
09-12-2024,lunch,Khichdi,medium,0.78,0,1
09-12-2024,dinner,Roti Sabzi Dal,medium,0.8,0,1
10-12-2024,breakfast,Poha,light,0.82,0,1
10-12-2024,lunch,Rice Dal Sabzi,heavy,0.92,0,1
10-12-2024,dinner,Fried Rice Manchurian,heavy,0.88,0,1
11-12-2024,breakfast,Luchi Alur Dom,heavy,0.85,0,1
11-12-2024,lunch,Rajma Chawal,heavy,0.88,0,1
11-12-2024,dinner,Noodles Chowmein,medium,0.82,0,1
12-12-2024,breakfast,Luchi Alur Dom,heavy,0.85,1,1
12-12-2024,lunch,Biryani,heavy,0.9,0,1
12-12-2024,dinner,Rice Fish Fry,heavy,0.87,0,1
13-12-2024,breakfast,Idli Sambar,light,0.9,0,1
13-12-2024,lunch,Rice Dal Sabzi,heavy,0.92,0,1
13-12-2024,dinner,Chapati Paneer,medium,0.85,0,1
14-12-2024,breakfast,Upma,light,0.75,0,1
14-12-2024,lunch,Rice Dal Sabzi,heavy,0.92,1,1
14-12-2024,dinner,Roti Sabzi Dal,medium,0.8,0,1
15-12-2024,breakfast,Idli Sambar,light,0.9,0,1
15-12-2024,lunch,Pulao Raita,medium,0.82,0,1
15-12-2024,dinner,Noodles Chowmein,medium,0.82,0,1
16-12-2024,breakfast,Poha,light,0.82,0,1
16-12-2024,lunch,Biryani,heavy,0.9,0,1
16-12-2024,dinner,Noodles Chowmein,medium,0.82,1,1
17-12-2024,breakfast,Luchi Alur Dom,heavy,0.85,0,1
17-12-2024,lunch,Rajma Chawal,heavy,0.88,0,1
17-12-2024,dinner,Paratha Curd,medium,0.79,0,1
18-12-2024,breakfast,Poha,light,0.82,0,1
18-12-2024,lunch,Pulao Raita,medium,0.82,0,1
18-12-2024,dinner,Noodles Chowmein,medium,0.82,0,1
19-12-2024,breakfast,Luchi Alur Dom,heavy,0.85,0,1
19-12-2024,lunch,Pulao Raita,medium,0.82,1,1
19-12-2024,dinner,Roti Sabzi Dal,medium,0.8,0,1
20-12-2024,breakfast,Bread Omelette,medium,0.88,0,1
20-12-2024,lunch,Rice Dal Sabzi,heavy,0.92,0,1
20-12-2024,dinner,Roti Sabzi Dal,medium,0.8,1,1
21-12-2024,breakfast,Idli Sambar,light,0.9,0,1
21-12-2024,lunch,Chicken Curry Rice,heavy,0.95,0,1
21-12-2024,dinner,Rice Fish Fry,heavy,0.87,0,1
22-12-2024,breakfast,Bread Omelette,medium,0.88,0,1
22-12-2024,lunch,Rice Dal Sabzi,heavy,0.92,0,1
22-12-2024,dinner,Roti Sabzi Dal,medium,0.8,0,1
23-12-2024,breakfast,Bread Omelette,medium,0.88,1,1
23-12-2024,lunch,Biryani,heavy,0.9,0,1
23-12-2024,dinner,Noodles Chowmein,medium,0.82,0,1
24-12-2024,breakfast,Poha,light,0.82,0,1
24-12-2024,lunch,Khichdi,medium,0.78,0,1
24-12-2024,dinner,Noodles Chowmein,medium,0.82,1,1
25-12-2024,breakfast,Idli Sambar,light,0.9,0,1
25-12-2024,lunch,Rajma Chawal,heavy,0.88,0,1
25-12-2024,dinner,Fried Rice Manchurian,heavy,0.88,0,1
26-12-2024,breakfast,Idli Sambar,light,0.9,1,1
26-12-2024,lunch,Khichdi,medium,0.78,0,1
26-12-2024,dinner,Rice Fish Fry,heavy,0.87,0,1
27-12-2024,breakfast,Upma,light,0.75,0,1
27-12-2024,lunch,Khichdi,medium,0.78,1,1
27-12-2024,dinner,Dal Khichdi,light,0.72,0,1
28-12-2024,breakfast,Puri Sabzi,heavy,0.83,0,1
28-12-2024,lunch,Biryani,heavy,0.9,0,1
28-12-2024,dinner,Chapati Paneer,medium,0.85,0,1
29-12-2024,breakfast,Bread Omelette,medium,0.88,0,1
29-12-2024,lunch,Biryani,heavy,0.9,1,1
29-12-2024,dinner,Noodles Chowmein,medium,0.82,0,1
30-12-2024,breakfast,Poha,light,0.82,0,1
30-12-2024,lunch,Rajma Chawal,heavy,0.88,0,1
30-12-2024,dinner,Chapati Paneer,medium,0.85,0,1
31-12-2024,breakfast,Paratha with Sabzi,heavy,0.8,0,1
31-12-2024,lunch,Biryani,heavy,0.9,0,1
31-12-2024,dinner,Fried Rice Manchurian,heavy,0.88,0,1
